,Status,Premiered,Rating,Duration,Demographic,Episodes,Aired,Producers,German,Genre,English,Licensors,Members,Studios,Ranked,Spanish,Theme,Score,Source,Synonyms,Type,Broadcast,Popularity,Favorites,Genres,Japanese
0,['  Finished Airing  '],['Fall 2023'],['  PG-13 - Teens 13 or older  '],['  24 min. per ep.  '],[],['  28  '],"['  Sep 29, 2023 to Mar 22, 2024  ']","['Aniplex,       Dentsu,       Shogakukan-Shueisha Productions,       Nippon Television Network,       TOHO animation,       Shogakukan ']",[],"['AdventureAdventure,         DramaDrama,         FantasyFantasy ']","["" Frieren: Beyond Journey's End      ""]","['    None found, add some ']","['    723,522']",['Madhouse '],"[""  #122    based on the top anime page. Please note that 'Not yet aired' and 'R18+' titles are excluded.    ""]",[],[],"['9.371 (scored by 385233385,233 users)      1          indicates a weighted score.    ']",['  Manga  '],[' Frieren at the Funeral  '],['TV'],['    Fridays at 23:00 (JST)      '],['  #278'],"['  40,398']",['  28  '],"['  Sep 29, 2023 to Mar 22, 2024  ']"
1,['  Finished Airing  '],['Spring 2009'],['  R - 17+ (violence & profanity)  '],['  24 min. per ep.  '],[],['  64  '],"['  Apr 5, 2009 to Jul 4, 2010  ']","['Aniplex,       Square Enix,       Mainichi Broadcasting System,       Studio Moriken ']",[],"['ActionAction,         AdventureAdventure,         DramaDrama,         FantasyFantasy ']",[' Fullmetal Alchemist: Brotherhood      '],"['Funimation,       Aniplex of America ']","['    3,345,575']",['Bones '],"[""  #222    based on the top anime page. Please note that 'Not yet aired' and 'R18+' titles are excluded.    ""]",[],['MilitaryMilitary '],"['9.091 (scored by 21206522,120,652 users)      1          indicates a weighted score.    ']",['  Manga  '],"[' Hagane no Renkinjutsushi: Fullmetal Alchemist, Fullmetal Alchemist (2009), FMA, FMAB  ']",['TV'],"['    Sundays at 17:00 (JST)      ', 'Aniplex,       Square Enix,       Mainichi Broadcasting System,       Studio Moriken ']",['  #3'],"['  225,989']",['  64  '],"['  Apr 5, 2009 to Jul 4, 2010  ']"
2,['  Finished Airing  '],['Spring 2011'],['  PG-13 - Teens 13 or older  '],['  24 min. per ep.  '],"['PsychologicalPsychological,         Time TravelTime Travel ']",['  24  '],"['  Apr 6, 2011 to Sep 14, 2011  ']","['Frontier Works,       Media Factory,       Kadokawa Shoten,       Movic,       AT-X,       Kadokawa Pictures Japan,       Nitroplus ']",[],"['DramaDrama,         Sci-FiSci-Fi,         SuspenseSuspense ']",[' Steins;Gate      '],['Funimation '],"['    2,563,963']",['White Fox '],"[""  #322    based on the top anime page. Please note that 'Not yet aired' and 'R18+' titles are excluded.    ""]",[],"['PsychologicalPsychological,         Time TravelTime Travel ']","['9.071 (scored by 14000291,400,029 users)      1          indicates a weighted score.    ']",['  Visual novel  '],[],['TV'],['    Wednesdays at 02:05 (JST)      '],['  #13'],"['  189,624']",['  24  '],"['  Apr 6, 2011 to Sep 14, 2011  ']"
3,['  Finished Airing  '],['Spring 2015'],['  PG-13 - Teens 13 or older  '],['  24 min. per ep.  '],"['Gag HumorGag Humor,         HistoricalHistorical,         ParodyParody,         SamuraiSamurai ']",['  51  '],"['  Apr 8, 2015 to Mar 30, 2016  ']","['TV Tokyo,       Aniplex,       Dentsu ']",[' Gintama Season 4    '],"['ActionAction,         ComedyComedy,         Sci-FiSci-Fi ']",[' Gintama Season 4      '],"['Funimation,       Crunchyroll ']","['    631,000']",['Bandai Namco Pictures '],"[""  #422    based on the top anime page. Please note that 'Not yet aired' and 'R18+' titles are excluded.    ""]",[' Gintama Temporada 4    '],"['Gag HumorGag Humor,         HistoricalHistorical,         ParodyParody,         SamuraiSamurai ']","['9.061 (scored by 251298251,298 users)      1          indicates a weighted score.    ']",['  Manga  '],"["" Gintama' (2015)  ""]",['TV'],['    Wednesdays at 18:00 (JST)      '],['  #343'],"['  16,647']",['  51  '],"['  Apr 8, 2015 to Mar 30, 2016  ']"
4,['  Finished Airing  '],['Spring 2019'],['  R - 17+ (violence & profanity)  '],['  23 min. per ep.  '],"['GoreGore,         MilitaryMilitary,         SurvivalSurvival ']",['  10  '],"['  Apr 29, 2019 to Jul 1, 2019  ']","['Production I.G,       Dentsu,       Mainichi Broadcasting System,       Pony Canyon,       Kodansha,       Techno Sound,       Pony Canyon Enterprises ']",[' Attack on Titan Staffel 3 Teil 2    '],"['ActionAction,         DramaDrama,         SuspenseSuspense ']",[' Attack on Titan Season 3 Part 2      '],['Funimation '],"['    2,276,676']",['Wit Studio '],"[""  #522    based on the top anime page. Please note that 'Not yet aired' and 'R18+' titles are excluded.    ""]",[' Ataque a los Titanes Temporada 3 Parte 2    '],"['GoreGore,         MilitaryMilitary,         SurvivalSurvival ']","['9.051 (scored by 15872311,587,231 users)      1          indicates a weighted score.    ']",['  Manga  '],[],['TV'],"['    Mondays at 00:10 (JST)      ', 'Production I.G,       Dentsu,       Mainichi Broadcasting System,       Pony Canyon,       Kodansha,       Techno Sound,       Pony Canyon Enterprises ']",['  #21'],"['  58,603']",['  10  '],"['  Apr 29, 2019 to Jul 1, 2019  ']"
5,['  Finished Airing  '],[],['  PG-13 - Teens 13 or older  '],['  1 hr. 44 min.  '],"['Gag HumorGag Humor,         HistoricalHistorical,         ParodyParody,         SamuraiSamurai ']",['  1  '],"['  Jan 8, 2021  ']","['TV Tokyo,       Aniplex,       Dentsu,       Bandai,       Warner Bros. Japan,       Shueisha ']",[' N/A    '],"['ActionAction,         ComedyComedy,         DramaDrama,         Sci-FiSci-Fi ']",[' Gintama: The Very Final      '],['Eleven Arts '],"['    150,530']",['Bandai Namco Pictures '],"[""  #622    based on the top anime page. Please note that 'Not yet aired' and 'R18+' titles are excluded.    ""]",[],"['Gag HumorGag Humor,         HistoricalHistorical,         ParodyParody,         SamuraiSamurai ']","['9.041 (scored by 7216872,168 users)      1          indicates a weighted score.    ']",['  Manga  '],[],['Movie'],[],['  #1531'],"['  4,276']",['  1  '],"['  Jan 8, 2021  ']"
6,['  Finished Airing  '],['Fall 2011'],['  PG-13 - Teens 13 or older  '],['  23 min. per ep.  '],[],['  148  '],"['  Oct 2, 2011 to Sep 24, 2014  ']","['VAP,       Nippon Television Network,       Shueisha ']",[' Hunter x Hunter    '],"['ActionAction,         AdventureAdventure,         FantasyFantasy ']",[' Hunter x Hunter      '],['VIZ Media '],"['    2,832,203']",['Madhouse '],"[""  #722    based on the top anime page. Please note that 'Not yet aired' and 'R18+' titles are excluded.    ""]",[' Hunter x Hunter    '],[],"['9.041 (scored by 17622411,762,241 users)      1          indicates a weighted score.    ']",['  Manga  '],[' HxH (2011)  '],['TV'],['    Sundays at 10:55 (JST)      '],['  #9'],"['  210,402']",['  148  '],"['  Oct 2, 2011 to Sep 24, 2014  ']"
7,['  Finished Airing  '],['Spring 2011'],['  PG-13 - Teens 13 or older  '],['  24 min. per ep.  '],"['Gag HumorGag Humor,         HistoricalHistorical,         ParodyParody,         SamuraiSamurai ']",['  51  '],"['  Apr 4, 2011 to Mar 26, 2012  ']","['TV Tokyo,       Aniplex,       Dentsu,       Trinity Sound,       Miracle Robo,       Studio Jack,       Shueisha ']",[' Gintama Staffel 2    '],"['ActionAction,         ComedyComedy,         Sci-FiSci-Fi ']",[' Gintama Season 2      '],"['    None found, add some ']","['    556,490']",['Sunrise '],"[""  #822    based on the top anime page. Please note that 'Not yet aired' and 'R18+' titles are excluded.    ""]",[' Gintama Temporada 2    '],"['Gag HumorGag Humor,         HistoricalHistorical,         ParodyParody,         SamuraiSamurai ']","['9.031 (scored by 237546237,546 users)      1          indicates a weighted score.    ']",['  Manga  '],[' Gintama (2011)  '],['TV'],['    Mondays at 18:00 (JST)      '],['  #393'],"['  8,161']",['  51  '],"['  Apr 4, 2011 to Mar 26, 2012  ']"
8,['  Finished Airing  '],['Fall 2022'],['  R - 17+ (violence & profanity)  '],['  24 min. per ep.  '],[],['  13  '],"['  Oct 11, 2022 to Dec 27, 2022  ']","['TV Tokyo,       Aniplex,       Dentsu,       Shueisha ']",[],"['ActionAction,         AdventureAdventure,         FantasyFantasy ']",[' Bleach: Thousand-Year Blood War      '],['VIZ Media '],"['    540,852']",['Pierrot '],"[""  #922    based on the top anime page. Please note that 'Not yet aired' and 'R18+' titles are excluded.    ""]",[],[],"['9.021 (scored by 280063280,063 users)      1          indicates a weighted score.    ']",['  Manga  '],[' Bleach: Thousand-Year Blood War Arc  '],['TV'],['    Tuesdays at 00:00 (JST)      '],['  #409'],"['  20,460']",['  13  '],"['  Oct 11, 2022 to Dec 27, 2022  ']"
9,['  Finished Airing  '],[],['  R - 17+ (violence & profanity)  '],['  26 min. per ep.  '],"['Adult CastAdult Cast,         MilitaryMilitary,         SpaceSpace ']",['  110  '],"['  Jan 8, 1988 to Mar 17, 1997  ']","['TV Tokyo,       Kitty Films,       Tokuma Shoten,       Tokuma Japan Communications,       Wright Staff ']",[],"['DramaDrama,         Sci-FiSci-Fi ']",[' Legend of the Galactic Heroes      '],['Sentai Filmworks '],"['    322,280']","['K-Factory,       Kitty Film Mitaka Studio ']","[""  #1022    based on the top anime page. Please note that 'Not yet aired' and 'R18+' titles are excluded.    ""]",[],"['Adult CastAdult Cast,         MilitaryMilitary,         SpaceSpace ']","['9.021 (scored by 7928279,282 users)      1          indicates a weighted score.    ']",['  Novel  '],"["" LoGH, LotGH, Gin'eiden, GinEiDen, Heldensagen Vom Kosmosinsel  ""]",['OVA'],[],['  #745'],"['  16,332']",['  110  '],"['  Jan 8, 1988 to Mar 17, 1997  ']"
10,['  Finished Airing  '],['Fall 2012'],['  PG-13 - Teens 13 or older  '],['  24 min. per ep.  '],"['Gag HumorGag Humor,         HistoricalHistorical,         ParodyParody,         SamuraiSamurai ']",['  13  '],"['  Oct 4, 2012 to Mar 28, 2013  ']","['TV Tokyo,       Aniplex,       Dentsu,       Shueisha,       Miracle Bus ']",[],"['ActionAction,         ComedyComedy,         Sci-FiSci-Fi ']",[' Gintama: Enchousen      '],"['    None found, add some ']","['    325,552']",['Sunrise '],"[""  #1122    based on the top anime page. Please note that 'Not yet aired' and 'R18+' titles are excluded.    ""]",[],"['Gag HumorGag Humor,         HistoricalHistorical,         ParodyParody,         SamuraiSamurai ']","['9.021 (scored by 165484165,484 users)      1          indicates a weighted score.    ']",['  Manga  '],"["" Gintama' (2012), Gintama' Overdrive, Kintama  ""]",['TV'],['    Thursdays at 18:00 (JST)      '],['  #738'],"['  3,055']",['  13  '],"['  Oct 4, 2012 to Mar 28, 2013  ']"
11,['  Finished Airing  '],['Spring 2022'],['  PG-13 - Teens 13 or older  '],['  23 min. per ep.  '],[],['  13  '],"['  Apr 9, 2022 to Jun 25, 2022  ']","['Aniplex,       Mainichi Broadcasting System,       Magic Capsule,       Shueisha,       JR East Marketing & Communications ']",[],"['ComedyComedy,         RomanceRomance ']",[' Kaguya-sama: Love is War - Ultra Romantic      '],['Aniplex of America '],"['    928,795']",['A-1 Pictures '],"[""  #1222    based on the top anime page. Please note that 'Not yet aired' and 'R18+' titles are excluded.    ""]",[],['SchoolSchool '],"['9.011 (scored by 523818523,818 users)      1          indicates a weighted score.    ']",['  Manga  '],"[' Kaguya-sama wa Kokurasetai: Tensai-tachi no Renai Zunousen 3rd Season, Kaguya-sama: Love is War Season 3rd Season  ']",['TV'],"['    Saturdays at 00:00 (JST)      ', 'Aniplex,       Mainichi Broadcasting System,       Magic Capsule,       Shueisha,       JR East Marketing & Communications ']",['  #178'],"['  31,164']",['  13  '],"['  Apr 9, 2022 to Jun 25, 2022  ']"
12,['  Finished Airing  '],['Spring 2021'],['  PG-13 - Teens 13 or older  '],['  23 min. per ep.  '],[],['  13  '],"['  Apr 6, 2021 to Jun 29, 2021  ']","['TV Tokyo,       TV Osaka,       Nihon Ad Systems,       Hakusensha,       Avex Pictures,       TMS Music,       8PAN ']",[' Fruits Basket Staffel 3    '],"['DramaDrama,         RomanceRomance,         SupernaturalSupernatural ']",[' Fruits Basket: The Final Season      '],['Funimation '],"['    478,203']",['TMS Entertainment '],"[""  #1322    based on the top anime page. Please note that 'Not yet aired' and 'R18+' titles are excluded.    ""]",[' Fruits Basket: The Final Season    '],[],"['8.981 (scored by 236902236,902 users)      1          indicates a weighted score.    ']",['  Manga  '],"[' Fruits Basket 3rd Season, Fruits Basket (2019) 3rd Season, Furuba  ']",['TV'],['    Tuesdays at 01:30 (JST)      '],['  #473'],"['  20,036']",['  13  '],"['  Apr 6, 2021 to Jun 29, 2021  ']"
13,['  Finished Airing  '],['Winter 2017'],['  PG-13 - Teens 13 or older  '],['  24 min. per ep.  '],"['Gag HumorGag Humor,         HistoricalHistorical,         ParodyParody,         SamuraiSamurai ']",['  12  '],"['  Jan 9, 2017 to Mar 27, 2017  ']","['TV Tokyo,       Aniplex,       Dentsu,       Shueisha ']",[],"['ActionAction,         ComedyComedy,         Sci-FiSci-Fi ']",[' Gintama Season 5      '],"['    None found, add some ']","['    314,895']",['Bandai Namco Pictures '],"[""  #1422    based on the top anime page. Please note that 'Not yet aired' and 'R18+' titles are excluded.    ""]",[],"['Gag HumorGag Humor,         HistoricalHistorical,         ParodyParody,         SamuraiSamurai ']","['8.981 (scored by 146146146,146 users)      1          indicates a weighted score.    ']",['  Manga  '],[' Gintama (2017)  '],['TV'],['    Mondays at 01:35 (JST)      '],['  #761'],"['  2,730']",['  12  '],"['  Jan 9, 2017 to Mar 27, 2017  ']"
14,['  Finished Airing  '],['Spring 2006'],['  PG-13 - Teens 13 or older  '],['  24 min. per ep.  '],"['Gag HumorGag Humor,         HistoricalHistorical,         ParodyParody,         SamuraiSamurai ']",['  201  '],"['  Apr 4, 2006 to Mar 25, 2010  ']","['TV Tokyo,       Aniplex,       Dentsu,       Trinity Sound,       Audio Highs,       Miracle Robo,       Shueisha ']",[],"['ActionAction,         ComedyComedy,         Sci-FiSci-Fi ']",[' Gintama      '],"['Sentai Filmworks,       Crunchyroll ']","['    1,065,588']",['Sunrise '],"[""  #1522    based on the top anime page. Please note that 'Not yet aired' and 'R18+' titles are excluded.    ""]",[],"['Gag HumorGag Humor,         HistoricalHistorical,         ParodyParody,         SamuraiSamurai ']","['8.941 (scored by 396487396,487 users)      1          indicates a weighted score.    ']",['  Manga  '],"[' Gin Tama, Silver Soul, Yorinuki Gintama-san  ']",['TV'],['    Thursdays at 18:00 (JST)      '],['  #140'],"['  59,434']",['  201  '],"['  Apr 4, 2006 to Mar 25, 2010  ']"
15,['  Finished Airing  '],['Fall 2008'],['  PG-13 - Teens 13 or older  '],['  24 min. per ep.  '],[],['  24  '],"['  Oct 3, 2008 to Mar 27, 2009  ']","['Pony Canyon,       TBS,       Rakuonsha,       Animation Do ']",[' Clannad ~After Story~    '],"['DramaDrama,         RomanceRomance,         SupernaturalSupernatural ']",[' Clannad: After Story      '],['Sentai Filmworks '],"['    1,194,122']",['Kyoto Animation '],"[""  #1622    based on the top anime page. Please note that 'Not yet aired' and 'R18+' titles are excluded.    ""]",[' Clannad ~After Story~    '],[],"['8.931 (scored by 660376660,376 users)      1          indicates a weighted score.    ']",['  Visual novel  '],[],['TV'],['    Fridays at 01:59 (JST)      '],['  #118'],"['  70,386']",['  24  '],"['  Oct 3, 2008 to Mar 27, 2009  ']"
16,['  Finished Airing  '],[],['  PG-13 - Teens 13 or older  '],['  2 hr. 10 min.  '],[],['  1  '],"['  Sep 17, 2016  ']","['Shochiku,       Pony Canyon,       Kodansha,       ABC Animation,       Quaras ']",[' A Silent Voice    '],"['Award WinningAward Winning,         DramaDrama ']",[' A Silent Voice      '],"['Eleven Arts,       NYAV Post ']","['    2,330,548']",['Kyoto Animation '],"[""  #1722    based on the top anime page. Please note that 'Not yet aired' and 'R18+' titles are excluded.    ""]",[' Una Voz Silenciosa    '],['Romantic SubtextRomantic Subtext '],"['8.931 (scored by 16148751,614,875 users)      1          indicates a weighted score.    ']",['  Manga  '],[' The Shape of Voice  '],['Movie'],[],['  #20'],"['  87,798']",['  1  '],"['  Sep 17, 2016  ']"
17,['  Finished Airing  '],['Fall 2023'],['  PG-13 - Teens 13 or older  '],['  22 min. per ep.  '],"['HistoricalHistorical,         MedicalMedical ']",['  24  '],"['  Oct 22, 2023 to Mar 24, 2024  ']","['Dentsu,       Square Enix,       Nippon Television Network,       TOHO animation,       Shogakukan,       Imagica Infos ']",[],"['DramaDrama,         MysteryMystery ']",[' The Apothecary Diaries      '],"['    None found, add some ']","['    389,831']","['OLM,       TOHO animation STUDIO ']","[""  #1822    based on the top anime page. Please note that 'Not yet aired' and 'R18+' titles are excluded.    ""]",[],"['HistoricalHistorical,         MedicalMedical ']","['8.921 (scored by 184062184,062 users)      1          indicates a weighted score.    ']",['  Light novel  '],"["" The Pharmacist's Monologue, Drugstore Soliloquy  ""]",['TV'],['    Sundays at 01:05 (JST)      '],['  #596'],"['  10,026']",['  24  '],"['  Oct 22, 2023 to Mar 24, 2024  ']"
18,['  Finished Airing  '],['Fall 2017'],['  PG-13 - Teens 13 or older  '],['  25 min. per ep.  '],"['ChildcareChildcare,         Strategy GameStrategy Game ']",['  22  '],"['  Oct 14, 2017 to Mar 31, 2018  ']","[""Aniplex,       Dentsu,       NHK,       Hakusensha,       Asmik Ace,       Toy's Factory ""]",[' March Come in Like a Lion Staffel 2    '],['DramaDrama '],[' March Comes In Like a Lion 2nd Season      '],['Aniplex of America '],"['    402,378']",['Shaft '],"[""  #1922    based on the top anime page. Please note that 'Not yet aired' and 'R18+' titles are excluded.    ""]",[' March Comes in like a Lion Temporada 2    '],"['ChildcareChildcare,         Strategy GameStrategy Game ']","['8.921 (scored by 199761199,761 users)      1          indicates a weighted score.    ']",['  Manga  '],[' Sangatsu no Lion Second Season  '],['TV'],['    Saturdays at 23:00 (JST)      '],['  #567'],"['  15,065']",['  22  '],"['  Oct 14, 2017 to Mar 31, 2018  ']"
19,['  Finished Airing  '],['Spring 2008'],['  R - 17+ (violence & profanity)  '],['  24 min. per ep.  '],"['MechaMecha,         MilitaryMilitary,         Super PowerSuper Power ']",['  25  '],"['  Apr 6, 2008 to Sep 28, 2008  ']","['Bandai Visual,       Mainichi Broadcasting System,       Bandai,       Bandai Namco Entertainment,       Hakuhodo DY Media Partners ']",[' Code Geass: Lelouch of the Rebellion R2    '],"['ActionAction,         Award WinningAward Winning,         DramaDrama,         Sci-FiSci-Fi ']",[' Code Geass: Lelouch of the Rebellion R2      '],"['Funimation,       Bandai Entertainment ']","['    1,781,935']",['Sunrise '],"[""  #2022    based on the top anime page. Please note that 'Not yet aired' and 'R18+' titles are excluded.    ""]","[' Code Geass: Lelouch, el de la Rebelión R2    ']","['MechaMecha,         MilitaryMilitary,         Super PowerSuper Power ']","['8.911 (scored by 11950141,195,014 users)      1          indicates a weighted score.    ']",['  Original  '],"[' Code Geass: Hangyaku no Lelouch 2nd Season, Code Geass: Hangyaku no Lelouch Second Season  ']",['TV'],"['    Sundays at 17:00 (JST)      ', 'Bandai Visual,       Mainichi Broadcasting System,       Bandai,       Bandai Namco Entertainment,       Hakuhodo DY Media Partners ']",['  #47'],"['  76,840']",['  25  '],"['  Apr 6, 2008 to Sep 28, 2008  ']"
20,['  Finished Airing  '],[],['  PG-13 - Teens 13 or older  '],['  1 hr. 50 min.  '],"['Gag HumorGag Humor,         HistoricalHistorical,         ParodyParody,         SamuraiSamurai,         Time TravelTime Travel ']",['  1  '],"['  Jul 6, 2013  ']","['TV Tokyo,       Aniplex,       Dentsu,       Bandai,       Warner Bros. Japan,       Shueisha ']",[' Gintama the Movie 2    '],"['ActionAction,         ComedyComedy,         Sci-FiSci-Fi ']",[' Gintama: The Movie: The Final Chapter: Be Forever Yorozuya      '],"['    None found, add some ']","['    240,940']",['Sunrise '],"[""  #2122    based on the top anime page. Please note that 'Not yet aired' and 'R18+' titles are excluded.    ""]",[],"['Gag HumorGag Humor,         HistoricalHistorical,         ParodyParody,         SamuraiSamurai,         Time TravelTime Travel ']","['8.911 (scored by 135434135,434 users)      1          indicates a weighted score.    ']",['  Manga  '],"[' Gintama: The Final Chapter - Be Forever Yorozuya, Gintama Movie 2  ']",['Movie'],[],['  #1006'],"['  2,121']",['  1  '],"['  Jul 6, 2013  ']"
21,['  Finished Airing  '],[],['  R - 17+ (violence & profanity)  '],['  1 hr. 12 min. per ep.  '],"['GoreGore,         MilitaryMilitary,         SurvivalSurvival ']",['  2  '],"['  Mar 4, 2023 to Nov 5, 2023  ']","['Production I.G,       Dentsu,       Mainichi Broadcasting System,       Pony Canyon,       Kodansha,       Pony Canyon Enterprises ']",[],"['ActionAction,         DramaDrama,         SuspenseSuspense ']",[' Attack on Titan: Final Season - The Final Chapters      '],"['    None found, add some ']","['    643,676']",['MAPPA '],"[""  #2222    based on the top anime page. Please note that 'Not yet aired' and 'R18+' titles are excluded.    ""]",[],"['GoreGore,         MilitaryMilitary,         SurvivalSurvival ']","['8.901 (scored by 371597371,597 users)      1          indicates a weighted score.    ']",['  Manga  '],"[' Shingeki no Kyojin: The Final Season Part 3, Shingeki no Kyojin Season 4, Attack on Titan Season 4  ']",['TV Special'],"['Production I.G,       Dentsu,       Mainichi Broadcasting System,       Pony Canyon,       Kodansha,       Pony Canyon Enterprises ']",['  #326'],"['  15,307']",['  2  '],"['  Mar 4, 2023 to Nov 5, 2023  ']"
22,['  Finished Airing  '],['Winter 2024'],['  PG-13 - Teens 13 or older  '],['  23 min. per ep.  '],[],['  13  '],"['  Jan 7, 2024 to Mar 31, 2024  ']","['Dentsu,       TV Asahi,       Movic,       Magic Capsule,       Avex Pictures,       Akita Shoten,       BS Asahi,       TV Asahi Music ']",[],"['ComedyComedy,         RomanceRomance ']",[' The Dangers in My Heart Season 2      '],['Sentai Filmworks '],"['    171,760']",['Shin-Ei Animation '],"[""  #2422    based on the top anime page. Please note that 'Not yet aired' and 'R18+' titles are excluded.    ""]",[],['SchoolSchool '],"['8.881 (scored by 8474784,747 users)      1          indicates a weighted score.    ']",['  Manga  '],[' Bokuyaba  '],['TV'],['    Sundays at 01:30 (JST)      '],['  #1372'],"['  3,826']",['  13  '],"['  Jan 7, 2024 to Mar 31, 2024  ']"
23,['  Finished Airing  '],['Summer 2018'],['  PG-13 - Teens 13 or older  '],['  24 min. per ep.  '],"['Gag HumorGag Humor,         HistoricalHistorical,         ParodyParody,         SamuraiSamurai ']",['  14  '],"['  Jul 9, 2018 to Oct 8, 2018  ']","['TV Tokyo,       Aniplex,       Dentsu,       Shueisha ']",[],"['ActionAction,         ComedyComedy,         Sci-FiSci-Fi ']",[' Gintama.: Silver Soul Arc - Second Half War      '],"['    None found, add some ']","['    198,942']",['Bandai Namco Pictures '],"[""  #2522    based on the top anime page. Please note that 'Not yet aired' and 'R18+' titles are excluded.    ""]",[],"['Gag HumorGag Humor,         HistoricalHistorical,         ParodyParody,         SamuraiSamurai ']","['8.881 (scored by 9583995,839 users)      1          indicates a weighted score.    ']",['  Manga  '],[' Gintama.: Silver Soul Arc 2  '],['TV'],['    Mondays at 01:35 (JST)      '],['  #1215'],"['  1,043']",['  14  '],"['  Jul 9, 2018 to Oct 8, 2018  ']"
24,['  Finished Airing  '],['Spring 2004'],['  R+ - Mild Nudity  '],['  24 min. per ep.  '],"['Adult CastAdult Cast,         PsychologicalPsychological ']",['  74  '],"['  Apr 7, 2004 to Sep 28, 2005  ']","['VAP,       Shogakukan-Shueisha Productions,       Nippon Television Network ']",[],"['DramaDrama,         MysteryMystery,         SuspenseSuspense ']",[' Monster      '],['VIZ Media '],"['    1,119,844']",['Madhouse '],"[""  #2322    based on the top anime page. Please note that 'Not yet aired' and 'R18+' titles are excluded.    ""]",[],"['Adult CastAdult Cast,         PsychologicalPsychological ']","['8.881 (scored by 418432418,432 users)      1          indicates a weighted score.    ']",['  Manga  '],[],['TV'],['    Wednesdays at 00:40 (JST)      '],['  #131'],"['  52,814']",['  74  '],"['  Apr 7, 2004 to Sep 28, 2005  ']"
25,['  Finished Airing  '],[],['  R - 17+ (violence & profanity)  '],['  22 min. per ep.  '],[],['  7  '],"['  Aug 12, 2017 to Aug 13, 2017  ']","['Aniplex,       Kodansha ']",[],"['ComedyComedy,         MysteryMystery,         SupernaturalSupernatural ']",[' Owarimonogatari Second Season      '],['Aniplex of America '],"['    399,372']",['Shaft '],"[""  #2722    based on the top anime page. Please note that 'Not yet aired' and 'R18+' titles are excluded.    ""]",[],['VampireVampire '],"['8.871 (scored by 192510192,510 users)      1          indicates a weighted score.    ']",['  Light novel  '],[' End Story 2nd Season  '],['TV Special'],[],['  #575'],"['  8,648']",['  7  '],"['  Aug 12, 2017 to Aug 13, 2017  ']"
26,['  Finished Airing  '],[],['  PG-13 - Teens 13 or older  '],['  2 hr. 20 min.  '],[],['  1  '],"['  Sep 18, 2020  ']","['Shochiku,       ABC Animation ']",[],"['Award WinningAward Winning,         DramaDrama,         FantasyFantasy ']",[' Violet Evergarden: The Movie      '],['Funimation '],"['    610,458']",['Kyoto Animation '],"[""  #2622    based on the top anime page. Please note that 'Not yet aired' and 'R18+' titles are excluded.    ""]",[' Violet Evergarden: La película    '],[],"['8.871 (scored by 275745275,745 users)      1          indicates a weighted score.    ']",['  Light novel  '],[' Gekijouban Violet Evergarden  '],['Movie'],[],['  #354'],"['  8,762']",['  1  '],"['  Sep 18, 2020  ']"
27,['  Finished Airing  '],['Summer 2023'],['  R - 17+ (violence & profanity)  '],['  23 min. per ep.  '],"['GoreGore,         SchoolSchool ']",['  23  '],"['  Jul 6, 2023 to Dec 28, 2023  ']","['Mainichi Broadcasting System,       TOHO animation,       Shueisha,       dugout,       Sumzap ']",[],"['ActionAction,         FantasyFantasy ']",[' Jujutsu Kaisen Season 2      '],"['    None found, add some ']","['    923,481']",['MAPPA '],"[""  #2922    based on the top anime page. Please note that 'Not yet aired' and 'R18+' titles are excluded.    ""]",[],"['GoreGore,         SchoolSchool ']","['8.831 (scored by 478356478,356 users)      1          indicates a weighted score.    ']",['  Manga  '],"[' Jujutsu Kaisen: Kaigyoku Gyokusetsu, Jujutsu Kaisen: Shibuya Jihen, Sorcery Fight, JJK  ']",['TV'],"['    Thursdays at 23:56 (JST)      ', 'Mainichi Broadcasting System,       TOHO animation,       Shueisha,       dugout,       Sumzap ']",['  #181'],"['  20,968']",['  23  '],"['  Jul 6, 2023 to Dec 28, 2023  ']"
28,['  Finished Airing  '],[],['  PG-13 - Teens 13 or older  '],['  1 hr. 46 min.  '],[],['  1  '],"['  Aug 26, 2016  ']","['TOHO,       Sound Team Don Juan,       Lawson HMV Entertainment,       Amuse,       JR East Marketing & Communications,       Kadokawa,       voque ting ']",[' Your Name.    '],"['Award WinningAward Winning,         DramaDrama,         SupernaturalSupernatural ']",[' Your Name.      '],"['Funimation,       NYAV Post ']","['    2,742,875']",['CoMix Wave Films '],"[""  #2822    based on the top anime page. Please note that 'Not yet aired' and 'R18+' titles are excluded.    ""]",[' Your Name.    '],['Romantic SubtextRomantic Subtext '],"['8.841 (scored by 19028251,902,825 users)      1          indicates a weighted score.    ']",['  Original  '],[],['Movie'],[],['  #11'],"['  90,483']",['  1  '],"['  Aug 26, 2016  ']"
29,['  Finished Airing  '],['Spring 2020'],['  R - 17+ (violence & profanity)  '],['  25 min. per ep.  '],"['HistoricalHistorical,         MilitaryMilitary ']",['  26  '],"['  Apr 6, 2020 to Oct 17, 2021  ']",['Shueisha '],[],['ActionAction '],[' Kingdom: Season 3      '],['Funimation '],"['    103,527']","['Pierrot,       Studio Signpost ']","[""  #3022    based on the top anime page. Please note that 'Not yet aired' and 'R18+' titles are excluded.    ""]",[],"['HistoricalHistorical,         MilitaryMilitary ']","['8.821 (scored by 4067040,670 users)      1          indicates a weighted score.    ']",['  Manga  '],[],['TV'],['    Mondays at 00:10 (JST)      '],['  #2032'],"['  2,124']",['  26  '],"['  Apr 6, 2020 to Oct 17, 2021  ']"
30,['  Finished Airing  '],['Winter 2023'],['  R - 17+ (violence & profanity)  '],['  25 min. per ep.  '],"['GoreGore,         HistoricalHistorical ']",['  24  '],"['  Jan 10, 2023 to Jun 20, 2023  ']","['Dentsu,       Kodansha,       Twin Engine ']",[],"['ActionAction,         AdventureAdventure,         DramaDrama ']",[' Vinland Saga Season 2      '],"['    None found, add some ']","['    608,029']",['MAPPA '],"[""  #3222    based on the top anime page. Please note that 'Not yet aired' and 'R18+' titles are excluded.    ""]",[],"['GoreGore,         HistoricalHistorical ']","['8.811 (scored by 314073314,073 users)      1          indicates a weighted score.    ']",['  Manga  '],[],['TV'],['    Tuesdays at 00:30 (JST)      '],['  #359'],"['  14,236']",['  24  '],"['  Jan 10, 2023 to Jun 20, 2023  ']"
31,['  Finished Airing  '],['Winter 2018'],['  PG-13 - Teens 13 or older  '],['  24 min. per ep.  '],"['Gag HumorGag Humor,         HistoricalHistorical,         ParodyParody,         SamuraiSamurai ']",['  12  '],"['  Jan 8, 2018 to Mar 26, 2018  ']","['TV Tokyo,       Aniplex,       Dentsu,       Shueisha ']",[],"['ActionAction,         ComedyComedy,         Sci-FiSci-Fi ']",[' Gintama.: Silver Soul Arc      '],"['    None found, add some ']","['    213,041']",['Bandai Namco Pictures '],"[""  #3122    based on the top anime page. Please note that 'Not yet aired' and 'R18+' titles are excluded.    ""]",[],"['Gag HumorGag Humor,         HistoricalHistorical,         ParodyParody,         SamuraiSamurai ']","['8.811 (scored by 104539104,539 users)      1          indicates a weighted score.    ']",['  Manga  '],[],['TV'],['    Mondays at 01:35 (JST)      '],['  #1138'],"['  1,179']",['  12  '],"['  Jan 8, 2018 to Mar 26, 2018  ']"
32,['  Finished Airing  '],['Fall 2022'],['  PG-13 - Teens 13 or older  '],['  23 min. per ep.  '],"['CGDCTCGDCT,         MusicMusic ']",['  12  '],"['  Oct 9, 2022 to Dec 25, 2022  ']","['Aniplex,       Houbunsha ']",[],['ComedyComedy '],[' Bocchi the Rock!      '],"['    None found, add some ']","['    568,714']",['CloverWorks '],"[""  #3622    based on the top anime page. Please note that 'Not yet aired' and 'R18+' titles are excluded.    ""]",[],"['CGDCTCGDCT,         MusicMusic ']","['8.791 (scored by 342405342,405 users)      1          indicates a weighted score.    ']",['  4-koma manga  '],[],['TV'],['    Sundays at 00:00 (JST)      '],['  #384'],"['  27,692']",['  12  '],"['  Oct 9, 2022 to Dec 25, 2022  ']"
33,['  Finished Airing  '],['Winter 2019'],['  PG-13 - Teens 13 or older  '],['  24 min. per ep.  '],[],['  13  '],"['  Jan 7, 2019 to Apr 1, 2019  ']","['Warner Bros. Japan,       KlockWorx,       BS Fuji,       Hakuhodo DY Music & Pictures,       Shogakukan ']",[],"['ActionAction,         ComedyComedy,         SupernaturalSupernatural ']",[' Mob Psycho 100 II      '],['Funimation '],"['    1,530,778']",['Bones '],"[""  #3522    based on the top anime page. Please note that 'Not yet aired' and 'R18+' titles are excluded.    ""]",[],['Super PowerSuper Power '],"['8.791 (scored by 966577966,577 users)      1          indicates a weighted score.    ']",['  Web manga  '],"[' Mob Psycho 100 2nd Season, Mob Psycho Hyaku, Mob Psycho One Hundred  ']",['TV'],['    Mondays at 23:00 (JST)      '],['  #72'],"['  32,384']",['  13  '],"['  Jan 7, 2019 to Apr 1, 2019  ']"
34,['  Finished Airing  '],['Winter 2021'],['  R - 17+ (violence & profanity)  '],['  23 min. per ep.  '],"['GoreGore,         MilitaryMilitary,         SurvivalSurvival ']",['  16  '],"['  Dec 7, 2020 to Mar 29, 2021  ']","['Production I.G,       Dentsu,       Mainichi Broadcasting System,       Pony Canyon,       Kodansha,       Techno Sound,       Pony Canyon Enterprises ']",[' Attack on Titan Final Season    '],"['ActionAction,         DramaDrama,         SuspenseSuspense ']",[' Attack on Titan: Final Season      '],['Funimation '],"['    1,998,616']",['MAPPA '],"[""  #3422    based on the top anime page. Please note that 'Not yet aired' and 'R18+' titles are excluded.    ""]",[' Ataque a los Titanes Temporada Final    '],"['GoreGore,         MilitaryMilitary,         SurvivalSurvival ']","['8.791 (scored by 13276791,327,679 users)      1          indicates a weighted score.    ']",['  Manga  '],"[' Shingeki no Kyojin Season 4, Attack on Titan Season 4  ']",['TV'],"['    Mondays at 00:10 (JST)      ', 'Production I.G,       Dentsu,       Mainichi Broadcasting System,       Pony Canyon,       Kodansha,       Techno Sound,       Pony Canyon Enterprises ']",['  #35'],"['  52,243']",['  16  '],"['  Dec 7, 2020 to Mar 29, 2021  ']"
35,['  Finished Airing  '],[],['  PG-13 - Teens 13 or older  '],['  2 hr. 4 min.  '],"['SchoolSchool,         Team SportsTeam Sports ']",['  1  '],"['  Dec 3, 2022  ']",['Shueisha '],[],"['Award WinningAward Winning,         SportsSports ']",[],['GKIDS '],"['    42,851']","['Toei Animation,       DandeLion Animation Studio ']","[""  #3322    based on the top anime page. Please note that 'Not yet aired' and 'R18+' titles are excluded.    ""]",[],"['SchoolSchool,         Team SportsTeam Sports ']","['8.801 (scored by 1532015,320 users)      1          indicates a weighted score.    ']",['  Manga  '],[],['Movie'],[],['  #3406'],['  571'],['  1  '],"['  Dec 3, 2022  ']"
36,['  Finished Airing  '],['Fall 2016'],['  PG-13 - Teens 13 or older  '],['  24 min. per ep.  '],"['SchoolSchool,         Team SportsTeam Sports ']",['  10  '],"['  Oct 8, 2016 to Dec 10, 2016  ']","['Dentsu,       Mainichi Broadcasting System,       Movic,       Sony Music Entertainment,       TOHO animation,       Shueisha ']",[' Haikyuu!!Staffel 3 Karasuno vs. Shiratorizawa    '],['SportsSports '],[' Haikyu!! 3rd Season      '],['Sentai Filmworks '],"['    1,202,710']",['Production I.G '],"[""  #3722    based on the top anime page. Please note that 'Not yet aired' and 'R18+' titles are excluded.    ""]",[' Haikyu!! Los Ases del Vóley Temporada 3    '],"['SchoolSchool,         Team SportsTeam Sports ']","['8.781 (scored by 797346797,346 users)      1          indicates a weighted score.    ']",['  Manga  '],"[' Haikyuu!! Third Season, Haikyuu!! Karasuno High VS Shiratorizawa Academy  ']",['TV'],"['    Saturdays at 01:55 (JST)      ', 'Dentsu,       Mainichi Broadcasting System,       Movic,       Sony Music Entertainment,       TOHO animation,       Shueisha ']",['  #117'],"['  15,517']",['  10  '],"['  Oct 8, 2016 to Dec 10, 2016  ']"
37,['  Finished Airing  '],[],['  PG-13 - Teens 13 or older  '],['  1 hr. 36 min.  '],[],['  1  '],"['  Dec 17, 2022  ']","['Aniplex,       Mainichi Broadcasting System,       Shueisha,       JR East Marketing & Communications ']",[],"['ComedyComedy,         DramaDrama,         RomanceRomance ']",[' Kaguya-sama: Love is War - The First Kiss That Never Ends      '],['Aniplex of America '],"['    263,927']",['A-1 Pictures '],"[""  #3822    based on the top anime page. Please note that 'Not yet aired' and 'R18+' titles are excluded.    ""]",[],['SchoolSchool '],"['8.781 (scored by 143246143,246 users)      1          indicates a weighted score.    ']",['  Manga  '],[],['Movie'],"['Aniplex,       Mainichi Broadcasting System,       Shueisha,       JR East Marketing & Communications ']",['  #919'],"['  1,871']",['  1  '],"['  Dec 17, 2022  ']"
38,['  Finished Airing  '],[],['  R - 17+ (violence & profanity)  '],['  1 hr. 23 min.  '],[],['  1  '],"['  Jan 6, 2017  ']","['Aniplex,       Kodansha ']",[' Kizumonogatari III: Reiketsuhen    '],"['ActionAction,         MysteryMystery,         SupernaturalSupernatural ']",[' Kizumonogatari Part 3: Cold-Blooded      '],['Aniplex of America '],"['    462,503']",['Shaft '],"[""  #3922    based on the top anime page. Please note that 'Not yet aired' and 'R18+' titles are excluded.    ""]",[],['VampireVampire '],"['8.781 (scored by 269422269,422 users)      1          indicates a weighted score.    ']",['  Light novel  '],[' Koyomi Vamp  '],['Movie'],[],['  #487'],"['  7,533']",['  1  '],"['  Jan 6, 2017  ']"
39,['  Finished Airing  '],[],['  PG - Children  '],['  2 hr. 4 min.  '],[],['  1  '],"['  Jul 20, 2001  ']","['Dentsu,       TOHO,       Tokuma Shoten,       Tohokushinsha Film Corporation,       Nippon Television Network,       Mitsubishi ']",[' Chihiros Reise ins Zauberland    '],"['AdventureAdventure,         Award WinningAward Winning,         SupernaturalSupernatural ']",[' Spirited Away      '],"['Disney Platform Distribution,       GKIDS ']","['    1,854,984']",['Studio Ghibli '],"[""  #4022    based on the top anime page. Please note that 'Not yet aired' and 'R18+' titles are excluded.    ""]",[' El viaje de Chihiro    '],['MythologyMythology '],"['8.771 (scored by 12996241,299,624 users)      1          indicates a weighted score.    ']",['  Original  '],"["" Sen and Chihiro's Spiriting Away  ""]",['Movie'],[],['  #44'],"['  32,897']",['  1  '],"['  Jul 20, 2001  ']"
40,['  Finished Airing  '],['Fall 2000'],['  PG-13 - Teens 13 or older  '],['  23 min. per ep.  '],[],['  75  '],"['  Oct 4, 2000 to Mar 27, 2002  ']",['VAP '],[],['SportsSports '],[' Fighting Spirit      '],"['Discotek Media,       Geneon Entertainment USA ']","['    593,786']",['Madhouse '],"[""  #4122    based on the top anime page. Please note that 'Not yet aired' and 'R18+' titles are excluded.    ""]",[' Hajime no Ippo: Espíritu de Lucha    '],['Combat SportsCombat Sports '],"['8.771 (scored by 292726292,726 users)      1          indicates a weighted score.    ']",['  Manga  '],"[' The First Step, Hajime no Ippo: The Fighting  ']",['TV'],['    Tuesdays at 00:50 (JST)      '],['  #367'],"['  22,141']",['  75  '],"['  Oct 4, 2000 to Mar 27, 2002  ']"
41,['  Finished Airing  '],['Winter 2022'],['  R - 17+ (violence & profanity)  '],['  23 min. per ep.  '],"['GoreGore,         MilitaryMilitary,         SurvivalSurvival ']",['  12  '],"['  Jan 10, 2022 to Apr 4, 2022  ']","['Production I.G,       Dentsu,       Mainichi Broadcasting System,       Pony Canyon,       Kodansha,       Pony Canyon Enterprises ']",[],"['ActionAction,         DramaDrama,         SuspenseSuspense ']",[' Attack on Titan: Final Season Part 2      '],['Funimation '],"['    1,291,552']",['MAPPA '],"[""  #4222    based on the top anime page. Please note that 'Not yet aired' and 'R18+' titles are excluded.    ""]",[],"['GoreGore,         MilitaryMilitary,         SurvivalSurvival ']","['8.761 (scored by 748523748,523 users)      1          indicates a weighted score.    ']",['  Manga  '],"[' Shingeki no Kyojin Season 4, Attack on Titan Season 4  ']",['TV'],"['    Mondays at 00:05 (JST)      ', 'Production I.G,       Dentsu,       Mainichi Broadcasting System,       Pony Canyon,       Kodansha,       Pony Canyon Enterprises ']",['  #102'],"['  30,163']",['  12  '],"['  Jan 10, 2022 to Apr 4, 2022  ']"
42,['  Finished Airing  '],['Summer 2013'],['  R - 17+ (violence & profanity)  '],['  25 min. per ep.  '],[],['  26  '],"['  Jul 7, 2013 to Dec 29, 2013  ']","['Aniplex,       Kodansha,       Cyclone Graphics ']",[],"['ComedyComedy,         MysteryMystery,         RomanceRomance,         SupernaturalSupernatural ']",[' Monogatari Series: Second Season      '],['Aniplex of America '],"['    670,156']",['Shaft '],"[""  #4322    based on the top anime page. Please note that 'Not yet aired' and 'R18+' titles are excluded.    ""]",[],['VampireVampire '],"['8.761 (scored by 357906357,906 users)      1          indicates a weighted score.    ']",['  Light novel  '],"[' Nekomonogatari: Shiro, Kabukimonogatari, Otorimonogatari, Onimonogatari, Koimonogatari  ']",['TV'],['    Sundays at 00:00 (JST)      '],['  #306'],"['  23,438']",['  26  '],"['  Jul 7, 2013 to Dec 29, 2013  ']"
43,['  Finished Airing  '],['Winter 2022'],['  R - 17+ (violence & profanity)  '],['  26 min. per ep.  '],[],['  11  '],"['  Dec 5, 2021 to Feb 13, 2022  ']","['Aniplex,       Shueisha ']",[],"['ActionAction,         FantasyFantasy ']",[' Demon Slayer: Kimetsu no Yaiba Entertainment District Arc      '],"['Aniplex of America,       Crunchyroll ']","['    1,427,616']",['ufotable '],"[""  #4422    based on the top anime page. Please note that 'Not yet aired' and 'R18+' titles are excluded.    ""]",[],['HistoricalHistorical '],"['8.751 (scored by 906183906,183 users)      1          indicates a weighted score.    ']",['  Manga  '],[],['TV'],['    Sundays at 23:15 (JST)      '],['  #88'],"['  24,372']",['  11  '],"['  Dec 5, 2021 to Feb 13, 2022  ']"
44,['  Finished Airing  '],['Winter 2024'],['  R - 17+ (violence & profanity)  '],['  24 min. per ep.  '],"['HistoricalHistorical,         MilitaryMilitary ']",['  13  '],"['  Jan 14, 2024 to Mar 31, 2024  ']","['Avex Pictures,       Shueisha,       Jinnan Studio,       NHK Enterprises ']",[],['ActionAction '],[' Kingdom: Season 5      '],"['    None found, add some ']","['    33,960']","['Pierrot,       Studio Signpost ']","[""  #4522    based on the top anime page. Please note that 'Not yet aired' and 'R18+' titles are excluded.    ""]",[],"['HistoricalHistorical,         MilitaryMilitary ']","['8.751 (scored by 1176411,764 users)      1          indicates a weighted score.    ']",['  Manga  '],[],['TV'],['    Sundays at 00:00 (JST)      '],['  #3821'],['  410'],['  13  '],"['  Jan 14, 2024 to Mar 31, 2024  ']"
45,['  Finished Airing  '],['Spring 1998'],['  R - 17+ (violence & profanity)  '],['  24 min. per ep.  '],"['Adult CastAdult Cast,         SpaceSpace ']",['  26  '],"['  Apr 3, 1998 to Apr 24, 1999  ']",['Bandai Visual '],[],"['ActionAction,         Award WinningAward Winning,         Sci-FiSci-Fi ']",[' Cowboy Bebop      '],['Funimation '],"['    1,867,022']",['Sunrise '],"[""  #4722    based on the top anime page. Please note that 'Not yet aired' and 'R18+' titles are excluded.    ""]",[],"['Adult CastAdult Cast,         SpaceSpace ']","['8.751 (scored by 965693965,693 users)      1          indicates a weighted score.    ']",['  Original  '],[],['TV'],['    Saturdays at 01:00 (JST)      '],['  #43'],"['  82,484']",['  26  '],"['  Apr 3, 1998 to Apr 24, 1999  ']"
46,['  Finished Airing  '],['Summer 2019'],['  R - 17+ (violence & profanity)  '],['  24 min. per ep.  '],"['GoreGore,         HistoricalHistorical ']",['  24  '],"['  Jul 8, 2019 to Dec 30, 2019  ']","['Production I.G,       Dentsu,       Kodansha,       Twin Engine ']",[],"['ActionAction,         AdventureAdventure,         DramaDrama ']",[],['Sentai Filmworks '],"['    1,516,239']",['Wit Studio '],"[""  #4822    based on the top anime page. Please note that 'Not yet aired' and 'R18+' titles are excluded.    ""]",[],"['GoreGore,         HistoricalHistorical ']","['8.751 (scored by 873312873,312 users)      1          indicates a weighted score.    ']",['  Manga  '],[],['TV'],['    Mondays at 00:10 (JST)      '],['  #74'],"['  47,513']",['  24  '],"['  Jul 8, 2019 to Dec 30, 2019  ']"
47,['  Finished Airing  '],['Spring 2022'],['  R - 17+ (violence & profanity)  '],['  24 min. per ep.  '],"['HistoricalHistorical,         MilitaryMilitary ']",['  26  '],"['  Apr 10, 2022 to Oct 2, 2022  ']","['Avex Pictures,       Shueisha,       NHK Enterprises ']",[],['ActionAction '],[' Kingdom: Season 4      '],"['    None found, add some ']","['    64,568']","['Pierrot,       Studio Signpost ']","[""  #4922    based on the top anime page. Please note that 'Not yet aired' and 'R18+' titles are excluded.    ""]",[],"['HistoricalHistorical,         MilitaryMilitary ']","['8.741 (scored by 2736627,366 users)      1          indicates a weighted score.    ']",['  Manga  '],[],['TV'],['    Sundays at 00:00 (JST)      '],['  #2724'],"['  1,051']",['  26  '],"['  Apr 10, 2022 to Oct 2, 2022  ']"
48,['  Finished Airing  '],['Fall 1980'],['  PG-13 - Teens 13 or older  '],['  24 min. per ep.  '],[],['  47  '],"['  Oct 13, 1980 to Aug 31, 1981  ']",['Annapuru '],[' N/A    '],"['DramaDrama,         SportsSports ']","["" Tomorrow's Joe 2      ""]","['    None found, add some ']","['    52,485']",['Tokyo Movie Shinsha '],"[""  #4622    based on the top anime page. Please note that 'Not yet aired' and 'R18+' titles are excluded.    ""]",[' El Campeón/ El mañana de Joe 2    '],['Combat SportsCombat Sports '],"['8.751 (scored by 2062020,620 users)      1          indicates a weighted score.    ']",['  Manga  '],[' Rocky Joe 2  '],['TV'],['    Unknown      '],['  #3051'],"['  2,681']",['  47  '],"['  Oct 13, 1980 to Aug 31, 1981  ']"
49,['  Finished Airing  '],['Fall 2014'],['  PG-13 - Teens 13 or older  '],['  23 min. per ep.  '],"['Adult CastAdult Cast,         HistoricalHistorical,         IyashikeiIyashikei ']",['  10  '],"['  Oct 19, 2014 to Dec 21, 2014  ']","['Aniplex,       Kodansha,       Delfi Sound ']",[],"['AdventureAdventure,         MysteryMystery,         Slice of LifeSlice of Life,         SupernaturalSupernatural ']",[' Mushi-shi: Next Passage Part 2      '],['Aniplex of America '],"['    267,027']",['Artland '],"[""  #5022    based on the top anime page. Please note that 'Not yet aired' and 'R18+' titles are excluded.    ""]",[],"['Adult CastAdult Cast,         HistoricalHistorical,         IyashikeiIyashikei ']","['8.731 (scored by 106821106,821 users)      1          indicates a weighted score.    ']",['  Manga  '],[' Mushishi Zoku Shou 2nd Season  '],['TV'],['    Sundays at 00:30 (JST)      '],['  #909'],"['  1,486']",['  10  '],"['  Oct 19, 2014 to Dec 21, 2014  ']"
50,['  Currently Airing  '],['Fall 1999'],['  PG-13 - Teens 13 or older  '],['  24 min.  '],[],['  Unknown  '],"['  Oct 20, 1999 to ?  ']","['Fuji TV,       TAP,       Shueisha ']",[],"['ActionAction,         AdventureAdventure,         FantasyFantasy ']",[' One Piece      '],"['Funimation,       4Kids Entertainment ']","['    2,356,190']",['Toei Animation '],"[""  #5122    based on the top anime page. Please note that 'Not yet aired' and 'R18+' titles are excluded.    ""]",[],[],"['8.721 (scored by 13387691,338,769 users)      1          indicates a weighted score.    ']",['  Manga  '],[' OP  '],['TV'],['    Sundays at 09:30 (JST)      '],['  #19'],"['  221,081']",['  Unknown  '],"['  Oct 20, 1999 to ?  ']"
51,['  Currently Airing  '],['Spring 2024'],['  PG-13 - Teens 13 or older  '],['  24 min. per ep.  '],"['MusicMusic,         Performing ArtsPerforming Arts,         SchoolSchool ']",['  13  '],"['  Apr 7, 2024 to ?  ']","['Lantis,       Pony Canyon,       Rakuonsha,       ABC Animation,       Heart Company,       Bandai Namco Music Live ']",[],['DramaDrama '],[' Sound! Euphonium 3      '],"['    None found, add some ']","['    53,760']",['Kyoto Animation '],"[""  #5922    based on the top anime page. Please note that 'Not yet aired' and 'R18+' titles are excluded.    ""]",[],"['MusicMusic,         Performing ArtsPerforming Arts,         SchoolSchool ']","['8.691 (scored by 46714,671 users)      1          indicates a weighted score.    ']",['  Novel  '],[' Hibike! Euphonium Third Season  '],['TV'],['    Sundays at 17:00 (JST)      '],['  #3010'],['  263'],['  13  '],"['  Apr 7, 2024 to ?  ']"
52,['  Currently Airing  '],['Spring 2024'],['  PG-13 - Teens 13 or older  '],['  23 min. per ep.  '],"['IsekaiIsekai,         ParodyParody ']",['  11  '],"['  Apr 10, 2024 to ?  ']","['Half H.P Studio,       Nippon Columbia,       81 Produce,       Sammy,       Kadokawa ']",[],"['AdventureAdventure,         ComedyComedy,         FantasyFantasy ']","["" KonoSuba: God's Blessing on This Wonderful World! 3      ""]","['    None found, add some ']","['    335,648']",['Drive '],"[""  #12322    based on the top anime page. Please note that 'Not yet aired' and 'R18+' titles are excluded.    ""]",[],"['IsekaiIsekai,         ParodyParody ']","['8.521 (scored by 2546325,463 users)      1          indicates a weighted score.    ']",['  Light novel  '],[],['TV'],['    Wednesdays at 23:30 (JST)      '],['  #703'],"['  3,920']",['  11  '],"['  Apr 10, 2024 to ?  ']"
53,['  Currently Airing  '],['Spring 2024'],['  PG-13 - Teens 13 or older  '],['  23 min. per ep.  '],"['CGDCTCGDCT,         IyashikeiIyashikei ']",['  12  '],"['  Apr 4, 2024 to ?  ']","['Sotsu,       Half H.P Studio,       AT-X,       KlockWorx,       Houbunsha,       MAGES.,       81 Produce,       BS11,       FuRyu,       Sony Music Solutions,       enish ']",[],['Slice of LifeSlice of Life '],[' Laid-Back Camp Season 3      '],"['    None found, add some ']","['    66,173']",['8bit '],"[""  #15322    based on the top anime page. Please note that 'Not yet aired' and 'R18+' titles are excluded.    ""]",[],"['CGDCTCGDCT,         IyashikeiIyashikei ']","['8.451 (scored by 63006,300 users)      1          indicates a weighted score.    ']",['  Manga  '],[' Yuru Camp 3rd Season  '],['TV'],['    Thursdays at 23:00 (JST)      '],['  #2687'],['  378'],['  12  '],"['  Apr 4, 2024 to ?  ']"
54,['  Currently Airing  '],[],['  PG-13 - Teens 13 or older  '],['  1 hr. 25 min. per ep.  '],"['SchoolSchool,         Team SportsTeam Sports ']",['  2  '],"['  Feb 16, 2024 to ?  ']","['TOHO animation,       Shueisha ']",[],['SportsSports '],[' Haikyu!! Movie: Battle of the Garbage Dump      '],"['    None found, add some ']","['    102,657']",['Production I.G '],"[""  #11822    based on the top anime page. Please note that 'Not yet aired' and 'R18+' titles are excluded.    ""]",[],"['SchoolSchool,         Team SportsTeam Sports ']","['8.531 (scored by 13511,351 users)      1          indicates a weighted score.    ']",['  Manga  '],[' Haikyu!! Final Movie  '],['Movie'],[],['  #2044'],['  781'],['  2  '],"['  Feb 16, 2024 to ?  ']"
55,['  Finished Airing  '],['Winter 2017'],['  PG-13 - Teens 13 or older  '],['  24 min. per ep.  '],"['Adult CastAdult Cast,         HistoricalHistorical,         Love PolygonLove Polygon,         Performing ArtsPerforming Arts ']",['  12  '],"['  Jan 7, 2017 to Mar 25, 2017  ']","['Mainichi Broadcasting System,       Kodansha,       DAX Production,       King Records ']",[],['DramaDrama '],[' Descending Stories: Showa Genroku Rakugo Shinju      '],"['    None found, add some ']","['    187,825']",['Studio Deen '],"[""  #5222    based on the top anime page. Please note that 'Not yet aired' and 'R18+' titles are excluded.    ""]",[],"['Adult CastAdult Cast,         HistoricalHistorical,         Love PolygonLove Polygon,         Performing ArtsPerforming Arts ']","['8.721 (scored by 6552965,529 users)      1          indicates a weighted score.    ']",['  Manga  '],"["" Shouwa Genroku Rakugo Shinjuu 2nd Season, Showa and Genroku Era Lover's Suicide Through Rakugo 2nd Season  ""]",['TV'],"['    Saturdays at 02:25 (JST)      ', 'Mainichi Broadcasting System,       Kodansha,       DAX Production,       King Records ']",['  #1275'],"['  3,163']",['  12  '],"['  Jan 7, 2017 to Mar 25, 2017  ']"
56,['  Finished Airing  '],['Fall 2022'],['  PG-13 - Teens 13 or older  '],['  23 min. per ep.  '],[],['  12  '],"['  Oct 6, 2022 to Dec 22, 2022  ']","['Shogakukan-Shueisha Productions,       Warner Bros. Japan,       KlockWorx,       BS Fuji,       Hakuhodo DY Music & Pictures,       Shogakukan ']",[],"['ActionAction,         ComedyComedy,         SupernaturalSupernatural ']",[' Mob Psycho 100 III      '],"['    None found, add some ']","['    675,998']",['Bones '],"[""  #5322    based on the top anime page. Please note that 'Not yet aired' and 'R18+' titles are excluded.    ""]",[],['Super PowerSuper Power '],"['8.711 (scored by 326686326,686 users)      1          indicates a weighted score.    ']",['  Web manga  '],"[' Mob Psycho 100 3rd Season, Mob Psycho Hyaku, Mob Psycho One Hundred  ']",['TV'],['    Thursdays at 00:00 (JST)      '],['  #301'],"['  10,237']",['  12  '],"['  Oct 6, 2022 to Dec 22, 2022  ']"
57,['  Finished Airing  '],[],['  R - 17+ (violence & profanity)  '],['  29 min. per ep.  '],"['Adult CastAdult Cast,         HistoricalHistorical,         SamuraiSamurai ']",['  4  '],"['  Feb 20, 1999 to Sep 22, 1999  ']",['Aniplex '],[' Rurouni Kenshin Trust and Betrayal    '],"['ActionAction,         DramaDrama,         RomanceRomance ']",[' Samurai X: Trust and Betrayal      '],"['ADV Films,       Aniplex of America ']","['    277,018']",['Studio Deen '],"[""  #5422    based on the top anime page. Please note that 'Not yet aired' and 'R18+' titles are excluded.    ""]","[' Kenshin: El Guerrero Samurai  ""Recuerdos""    ']","['Adult CastAdult Cast,         HistoricalHistorical,         SamuraiSamurai ']","['8.701 (scored by 138231138,231 users)      1          indicates a weighted score.    ']",['  Manga  '],"[' Rurouni Kenshin: Tsuiokuhen, Rurouni Kenshin: Reminiscence  ']",['OVA'],[],['  #877'],"['  6,288']",['  4  '],"['  Feb 20, 1999 to Sep 22, 1999  ']"
58,['  Finished Airing  '],['Fall 2021'],['  R - 17+ (violence & profanity)  '],['  23 min. per ep.  '],"['MechaMecha,         MilitaryMilitary ']",['  12  '],"['  Oct 3, 2021 to Mar 19, 2022  ']","['Aniplex,       Kadokawa,       Bandai Spirits ']",[],"['ActionAction,         DramaDrama,         Sci-FiSci-Fi ']",[' 86 Eighty-Six Part 2      '],"['    None found, add some ']","['    498,811']",['A-1 Pictures '],"[""  #5522    based on the top anime page. Please note that 'Not yet aired' and 'R18+' titles are excluded.    ""]",[],"['MechaMecha,         MilitaryMilitary ']","['8.701 (scored by 282793282,793 users)      1          indicates a weighted score.    ']",['  Light novel  '],[],['TV'],['    Sundays at 00:00 (JST)      '],['  #445'],"['  14,880']",['  12  '],"['  Oct 3, 2021 to Mar 19, 2022  ']"
59,['  Finished Airing  '],['Fall 2006'],['  R - 17+ (violence & profanity)  '],['  24 min. per ep.  '],"['MechaMecha,         MilitaryMilitary,         SchoolSchool,         Super PowerSuper Power ']",['  25  '],"['  Oct 6, 2006 to Jul 29, 2007  ']","['Bandai Visual,       Mainichi Broadcasting System,       Bandai,       Sony Music Entertainment,       Bandai Namco Entertainment,       Hakuhodo DY Media Partners ']",[' Code Geass: Lelouch of the Rebellion    '],"['ActionAction,         Award WinningAward Winning,         DramaDrama,         Sci-FiSci-Fi ']",[' Code Geass: Lelouch of the Rebellion      '],"['Funimation,       Bandai Entertainment ']","['    2,251,700']",['Sunrise '],"[""  #5622    based on the top anime page. Please note that 'Not yet aired' and 'R18+' titles are excluded.    ""]","[' Code Geass: Lelouch, el de la Rebelión    ']","['MechaMecha,         MilitaryMilitary,         SchoolSchool,         Super PowerSuper Power ']","['8.701 (scored by 14010581,401,058 users)      1          indicates a weighted score.    ']",['  Original  '],[],['TV'],"['    Fridays at 01:25 (JST)      ', 'Bandai Visual,       Mainichi Broadcasting System,       Bandai,       Sony Music Entertainment,       Bandai Namco Entertainment,       Hakuhodo DY Media Partners ']",['  #22'],"['  108,957']",['  25  '],"['  Oct 6, 2006 to Jul 29, 2007  ']"
60,['  Finished Airing  '],['Summer 2023'],['  R - 17+ (violence & profanity)  '],['  24 min. per ep.  '],[],['  13  '],"['  Jul 8, 2023 to Sep 30, 2023  ']","['TV Tokyo,       Aniplex,       Dentsu,       Shueisha,       Zack Promotion ']",[],"['ActionAction,         AdventureAdventure,         FantasyFantasy ']",[' Bleach: Thousand-Year Blood War - The Separation      '],['VIZ Media '],"['    269,588']",['Pierrot '],"[""  #5722    based on the top anime page. Please note that 'Not yet aired' and 'R18+' titles are excluded.    ""]",[],[],"['8.691 (scored by 140560140,560 users)      1          indicates a weighted score.    ']",['  Manga  '],[' Bleach: Thousand-Year Blood War Arc Part 2  '],['TV'],['    Saturdays at 23:00 (JST)      '],['  #904'],"['  4,114']",['  13  '],"['  Jul 8, 2023 to Sep 30, 2023  ']"
61,['  Finished Airing  '],['Summer 1999'],['  R - 17+ (violence & profanity)  '],['  25 min. per ep.  '],"['DelinquentsDelinquents,         SchoolSchool,         WorkplaceWorkplace ']",['  43  '],"['  Jun 30, 1999 to Sep 17, 2000  ']","['Aniplex,       Fuji TV ']",[],['ComedyComedy '],[' Great Teacher Onizuka      '],"['Discotek Media,       Tokyopop ']","['    829,012']",['Pierrot '],"[""  #5822    based on the top anime page. Please note that 'Not yet aired' and 'R18+' titles are excluded.    ""]",[],"['DelinquentsDelinquents,         SchoolSchool,         WorkplaceWorkplace ']","['8.691 (scored by 407744407,744 users)      1          indicates a weighted score.    ']",['  Manga  '],"[' GTO, GTO - The Animation  ']",['TV'],['    Wednesdays at 19:30 (JST)      '],['  #217'],"['  26,542']",['  43  '],"['  Jun 30, 1999 to Sep 17, 2000  ']"
62,['  Finished Airing  '],['Spring 2014'],['  PG-13 - Teens 13 or older  '],['  24 min. per ep.  '],"['Adult CastAdult Cast,         HistoricalHistorical,         IyashikeiIyashikei ']",['  10  '],"['  Apr 5, 2014 to Jun 21, 2014  ']","['Aniplex,       Kodansha,       Delfi Sound ']",[' Mushi-Shi -The Next Passage-    '],"['AdventureAdventure,         MysteryMystery,         Slice of LifeSlice of Life,         SupernaturalSupernatural ']",[' Mushi-shi: Next Passage Part 1      '],['Aniplex of America '],"['    300,713']",['Artland '],"[""  #6022    based on the top anime page. Please note that 'Not yet aired' and 'R18+' titles are excluded.    ""]",[' Mushi-Shi -The Next Passage-    '],"['Adult CastAdult Cast,         HistoricalHistorical,         IyashikeiIyashikei ']","['8.691 (scored by 119201119,201 users)      1          indicates a weighted score.    ']",['  Manga  '],"[' Mushi-shi Zoku Shou, Mushishi: The Next Chapter  ']",['TV'],['    Saturdays at 00:00 (JST)      '],['  #804'],"['  1,580']",['  10  '],"['  Apr 5, 2014 to Jun 21, 2014  ']"
63,['  Finished Airing  '],[],['  PG-13 - Teens 13 or older  '],['  23 min. per ep.  '],"['Adult CastAdult Cast,         Time TravelTime Travel ']",['  11  '],"['  Apr 30, 2021 to Jul 9, 2021  ']","['bilibili,       BeDream ']",[],"['DramaDrama,         MysteryMystery,         SupernaturalSupernatural,         SuspenseSuspense ']",[' Link Click      '],['Funimation '],"['    365,638']",['LAN Studio '],"[""  #6122    based on the top anime page. Please note that 'Not yet aired' and 'R18+' titles are excluded.    ""]",[],"['Adult CastAdult Cast,         Time TravelTime Travel ']","['8.681 (scored by 137973137,973 users)      1          indicates a weighted score.    ']",['  Original  '],"[' 時光代理人, Jikou Dairinin, Shi Guang Dai Li Ren  ']",['ONA'],[],['  #645'],"['  11,606']",['  11  '],"['  Apr 30, 2021 to Jul 9, 2021  ']"
64,['  Finished Airing  '],[],['  PG-13 - Teens 13 or older  '],['  24 min. per ep.  '],"['HistoricalHistorical,         MythologyMythology ']",['  12  '],"['  Oct 18, 2023 to Jan 17, 2024  ']",['bilibili '],[],"['ActionAction,         AdventureAdventure,         DramaDrama,         FantasyFantasy ']","["" Heaven Official's Blessing Season 2      ""]","['    None found, add some ']","['    43,770']",['Red Dog Culture House '],"[""  #6222    based on the top anime page. Please note that 'Not yet aired' and 'R18+' titles are excluded.    ""]",[],"['HistoricalHistorical,         MythologyMythology ']","['8.681 (scored by 1313813,138 users)      1          indicates a weighted score.    ']",['  Web novel  '],"[' Tian Guan Cifu 2nd Season, Tian Guan Ci Fu  ']",['ONA'],[],['  #3363'],['  989'],['  12  '],"['  Oct 18, 2023 to Jan 17, 2024  ']"
65,['  Finished Airing  '],['Winter 2018'],['  PG-13 - Teens 13 or older  '],['  24 min. per ep.  '],[],['  13  '],"['  Jan 11, 2018 to Apr 5, 2018  ']","['Lantis,       Pony Canyon,       Rakuonsha,       ABC Animation ']",[],"['DramaDrama,         FantasyFantasy ']",[' Violet Evergarden      '],['Funimation '],"['    1,782,362']",['Kyoto Animation '],"[""  #6322    based on the top anime page. Please note that 'Not yet aired' and 'R18+' titles are excluded.    ""]",[],[],"['8.681 (scored by 975892975,892 users)      1          indicates a weighted score.    ']",['  Light novel  '],[],['TV'],['    Thursdays at 00:00 (JST)      '],['  #46'],"['  61,718']",['  13  '],"['  Jan 11, 2018 to Apr 5, 2018  ']"
66,['  Finished Airing  '],['Fall 2021'],['  R - 17+ (violence & profanity)  '],['  23 min. per ep.  '],"['IsekaiIsekai,         ReincarnationReincarnation ']",['  12  '],"['  Oct 4, 2021 to Dec 20, 2021  ']","['Frontier Works,       TOHO,       TOHO animation,       Tokyo MX,       Hakuhodo DY Music & Pictures,       BS11,       Egg Firm,       Kadokawa,       GREE Entertainment ']",[],"['AdventureAdventure,         DramaDrama,         FantasyFantasy,         EcchiEcchi ']",[' Mushoku Tensei: Jobless Reincarnation Part 2      '],['Funimation '],"['    918,872']",['Studio Bind '],"[""  #6422    based on the top anime page. Please note that 'Not yet aired' and 'R18+' titles are excluded.    ""]",[],"['IsekaiIsekai,         ReincarnationReincarnation ']","['8.671 (scored by 574921574,921 users)      1          indicates a weighted score.    ']",['  Light novel  '],[],['TV'],['    Mondays at 00:00 (JST)      '],['  #185'],"['  18,533']",['  12  '],"['  Oct 4, 2021 to Dec 20, 2021  ']"
67,['  Finished Airing  '],['Spring 2021'],['  PG-13 - Teens 13 or older  '],['  23 min. per ep.  '],"['Adult CastAdult Cast,         AnthropomorphicAnthropomorphic,         Organized CrimeOrganized Crime ']",['  13  '],"['  Apr 6, 2021 to Jun 29, 2021  ']","['TV Tokyo,       Dentsu,       Pony Canyon,       AT-X,       Crunchyroll,       Pony Canyon Enterprises,       Yoshimoto Kogyo ']",[],"['Award WinningAward Winning,         DramaDrama,         MysteryMystery,         SuspenseSuspense ']",[' Odd Taxi      '],"['    None found, add some ']","['    432,395']","['OLM,       P.I.C.S. ']","[""  #6522    based on the top anime page. Please note that 'Not yet aired' and 'R18+' titles are excluded.    ""]",[],"['Adult CastAdult Cast,         AnthropomorphicAnthropomorphic,         Organized CrimeOrganized Crime ']","['8.671 (scored by 214624214,624 users)      1          indicates a weighted score.    ']",['  Original  '],[],['TV'],['    Tuesdays at 02:00 (JST)      '],['  #526'],"['  8,250']",['  13  '],"['  Apr 6, 2021 to Jun 29, 2021  ']"
68,['  Finished Airing  '],['Spring 2023'],['  PG-13 - Teens 13 or older  '],['  30 min. per ep.  '],"['ReincarnationReincarnation,         ShowbizShowbiz ']",['  11  '],"['  Apr 12, 2023 to Jun 28, 2023  ']","['Shueisha,       CyberAgent,       Kadokawa ']",[],"['Award WinningAward Winning,         DramaDrama,         SupernaturalSupernatural ']",[' [Oshi No Ko]      '],['Sentai Filmworks '],"['    785,873']",['Doga Kobo '],"[""  #6722    based on the top anime page. Please note that 'Not yet aired' and 'R18+' titles are excluded.    ""]",[],"['ReincarnationReincarnation,         ShowbizShowbiz ']","['8.661 (scored by 459772459,772 users)      1          indicates a weighted score.    ']",['  Manga  '],[' My Star  '],['TV'],['    Wednesdays at 23:00 (JST)      '],['  #242'],"['  27,624']",['  11  '],"['  Apr 12, 2023 to Jun 28, 2023  ']"
69,['  Finished Airing  '],['Winter 2009'],['  PG-13 - Teens 13 or older  '],['  23 min. per ep.  '],[],['  26  '],"['  Jan 7, 2009 to Jul 1, 2009  ']","['VAP,       Kodansha,       Nippon Television Network ']",[],['SportsSports '],[' Fighting Spirit: New Challenger      '],"['    None found, add some ']","['    287,243']",['Madhouse '],"[""  #6622    based on the top anime page. Please note that 'Not yet aired' and 'R18+' titles are excluded.    ""]",[' Hajime no Ippo: The Fighting. New Challenger    '],['Combat SportsCombat Sports '],"['8.671 (scored by 167887167,887 users)      1          indicates a weighted score.    ']",['  Manga  '],"[' Hajime no Ippo New Series, Hajime no Ippo Season II, Hajime no Ippo 2  ']",['TV'],['    Wednesdays at 01:29 (JST)      '],['  #848'],"['  1,805']",['  26  '],"['  Jan 7, 2009 to Jul 1, 2009  ']"
70,['  Finished Airing  '],[],['  R - 17+ (violence & profanity)  '],['  2 hr. 2 min.  '],[],['  1  '],"['  Aug 15, 2020  ']","['Aniplex,       Notes,       Kadokawa ']",[],"['ActionAction,         FantasyFantasy,         SupernaturalSupernatural ']","["" Fate/stay night: Heaven's Feel - III. Spring Song      ""]",['Aniplex of America '],"['    351,851']",['ufotable '],"[""  #6822    based on the top anime page. Please note that 'Not yet aired' and 'R18+' titles are excluded.    ""]",[],[],"['8.661 (scored by 188622188,622 users)      1          indicates a weighted score.    ']",['  Visual novel  '],"["" Fate/stay night Movie: Heaven's Feel 3  ""]",['Movie'],[],['  #673'],"['  8,054']",['  1  '],"['  Aug 15, 2020  ']"
71,['  Finished Airing  '],[],['  G - All Ages  '],['  1 hr. 59 min.  '],[],['  1  '],"['  Nov 20, 2004  ']","['d-rights,       Tokuma Shoten ']",[' Das wandelnde Schloss    '],"['AdventureAdventure,         Award WinningAward Winning,         DramaDrama,         FantasyFantasy,         RomanceRomance ']","["" Howl's Moving Castle      ""]",['Disney Platform Distribution '],"['    1,339,011']",['Studio Ghibli '],"[""  #6922    based on the top anime page. Please note that 'Not yet aired' and 'R18+' titles are excluded.    ""]",[' El Castillo Ambulante    '],[],"['8.661 (scored by 926066926,066 users)      1          indicates a weighted score.    ']",['  Novel  '],[],['Movie'],[],['  #98'],"['  29,047']",['  1  '],"['  Nov 20, 2004  ']"
72,['  Finished Airing  '],[],['  PG-13 - Teens 13 or older  '],['  2 hr. 13 min.  '],[],['  1  '],"['  Jul 12, 1997  ']","['Tokuma Shoten,       Nippon Television Network ']",[' Prinzessin Mononoke    '],"['ActionAction,         AdventureAdventure,         Award WinningAward Winning,         FantasyFantasy ']",[' Princess Mononoke      '],['GKIDS '],"['    1,256,544']",['Studio Ghibli '],"[""  #7022    based on the top anime page. Please note that 'Not yet aired' and 'R18+' titles are excluded.    ""]",[' La Princesa Mononoke    '],[],"['8.661 (scored by 811887811,887 users)      1          indicates a weighted score.    ']",['  Original  '],[' Mononoke Hime  '],['Movie'],[],['  #105'],"['  22,013']",['  1  '],"['  Jul 12, 1997  ']"
73,['  Finished Airing  '],['Fall 2005'],['  PG-13 - Teens 13 or older  '],['  23 min. per ep.  '],"['Adult CastAdult Cast,         HistoricalHistorical,         IyashikeiIyashikei ']",['  26  '],"['  Oct 23, 2005 to Jun 19, 2006  ']","['Avex Entertainment,       Marvelous Entertainment,       SKY Perfect Well Think,       Delfi Sound ']",[' Mushi-Shi    '],"['AdventureAdventure,         MysteryMystery,         Slice of LifeSlice of Life,         SupernaturalSupernatural ']",[' Mushi-Shi      '],['Funimation '],"['    830,723']",['Artland '],"[""  #7122    based on the top anime page. Please note that 'Not yet aired' and 'R18+' titles are excluded.    ""]",[' Mushi-Shi    '],"['Adult CastAdult Cast,         HistoricalHistorical,         IyashikeiIyashikei ']","['8.661 (scored by 278976278,976 users)      1          indicates a weighted score.    ']",['  Manga  '],[],['TV'],['    Sundays at 03:40 (JST)      '],['  #215'],"['  26,970']",['  26  '],"['  Oct 23, 2005 to Jun 19, 2006  ']"
74,['  Finished Airing  '],['Summer 2017'],['  R - 17+ (violence & profanity)  '],['  25 min. per ep.  '],[],['  13  '],"['  Jul 7, 2017 to Sep 29, 2017  ']","['AT-X,       Takeshobo,       Sony Music Communications,       Kadokawa Media House,       Cygames,       Kanetsu Investment,       Kadokawa,       Global Solutions,       IRMA LA DOUCE ']",[],"['AdventureAdventure,         DramaDrama,         FantasyFantasy,         MysteryMystery,         Sci-FiSci-Fi ']",[' Made in Abyss      '],['Sentai Filmworks '],"['    1,381,160']",['Kinema Citrus '],"[""  #7222    based on the top anime page. Please note that 'Not yet aired' and 'R18+' titles are excluded.    ""]",[],['GoreGore '],"['8.651 (scored by 749715749,715 users)      1          indicates a weighted score.    ']",['  Web manga  '],[],['TV'],['    Fridays at 21:30 (JST)      '],['  #94'],"['  44,229']",['  13  '],"['  Jul 7, 2017 to Sep 29, 2017  ']"
75,['  Finished Airing  '],['Summer 2023'],['  R - 17+ (violence & profanity)  '],['  23 min. per ep.  '],"['Adult CastAdult Cast,         DetectiveDetective,         Organized CrimeOrganized Crime,         Super PowerSuper Power,         VampireVampire ']",['  11  '],"['  Jul 12, 2023 to Sep 20, 2023  ']","['WOWOW,       Lantis,       Movic,       Glovision,       Crunchyroll,       Sunrise Music,       Kadokawa,       Sony Music Solutions,       Bandai Namco Music Live ']",[],"['ActionAction,         MysteryMystery,         SupernaturalSupernatural ']",[' Bungo Stray Dogs 5      '],"['    None found, add some ']","['    179,696']",['Bones '],"[""  #7322    based on the top anime page. Please note that 'Not yet aired' and 'R18+' titles are excluded.    ""]",[],"['Adult CastAdult Cast,         DetectiveDetective,         Organized CrimeOrganized Crime,         Super PowerSuper Power,         VampireVampire ']","['8.651 (scored by 7844678,446 users)      1          indicates a weighted score.    ']",['  Manga  '],[],['TV'],['    Wednesdays at 23:00 (JST)      '],['  #1332'],"['  2,189']",['  11  '],"['  Jul 12, 2023 to Sep 20, 2023  ']"
76,['  Finished Airing  '],['Summer 2022'],['  R - 17+ (violence & profanity)  '],['  25 min. per ep.  '],[],['  12  '],"['  Jul 6, 2022 to Sep 28, 2022  ']","['AT-X,       Takeshobo,       Kadokawa Media House,       Cygames,       Kadokawa,       Global Solutions,       Sony Music Solutions,       IRMA LA DOUCE ']",[],"['AdventureAdventure,         DramaDrama,         FantasyFantasy,         MysteryMystery,         Sci-FiSci-Fi ']",[' Made in Abyss: The Golden City of the Scorching Sun      '],['Sentai Filmworks '],"['    443,912']",['Kinema Citrus '],"[""  #7422    based on the top anime page. Please note that 'Not yet aired' and 'R18+' titles are excluded.    ""]",[],['GoreGore '],"['8.641 (scored by 200968200,968 users)      1          indicates a weighted score.    ']",['  Web manga  '],[],['TV'],['    Wednesdays at 22:30 (JST)      '],['  #509'],"['  6,049']",['  12  '],"['  Jul 6, 2022 to Sep 28, 2022  ']"
77,['  Finished Airing  '],['Winter 2012'],['  PG-13 - Teens 13 or older  '],['  24 min. per ep.  '],"['IyashikeiIyashikei,         MythologyMythology ']",['  13  '],"['  Jan 3, 2012 to Mar 27, 2012  ']","['TV Tokyo,       Aniplex,       Nihon Ad Systems,       Hakusensha,       Sony Music Entertainment ']",[' Natsume Yujin-cho Staffel 4    '],"['Slice of LifeSlice of Life,         SupernaturalSupernatural ']","["" Natsume's Book of Friends Season 4      ""]","['NIS America, Inc. ']","['    245,587']","[""Brain's Base ""]","[""  #7522    based on the top anime page. Please note that 'Not yet aired' and 'R18+' titles are excluded.    ""]",[' Natsume Yujin-cho Temporada 4    '],"['IyashikeiIyashikei,         MythologyMythology ']","['8.641 (scored by 108973108,973 users)      1          indicates a weighted score.    ']",['  Manga  '],"[' Natsume Yuujinchou Four, Natsume Yuujinchou 4, Natsume Yujincho 4  ']",['TV'],['    Tuesdays at 01:30 (JST)      '],['  #993'],"['  2,008']",['  13  '],"['  Jan 3, 2012 to Mar 27, 2012  ']"
78,['  Finished Airing  '],['Fall 2014'],['  PG-13 - Teens 13 or older  '],['  22 min. per ep.  '],"['Love PolygonLove Polygon,         MusicMusic,         SchoolSchool ']",['  22  '],"['  Oct 10, 2014 to Mar 20, 2015  ']","['Aniplex,       Dentsu,       Kodansha,       Fuji TV,       Lawson HMV Entertainment,       Kyoraku Industrial Holdings,       Kansai Telecasting ']",[' Shigatsu Wa Kimi No Uso - Sekunden in Moll    '],"['DramaDrama,         RomanceRomance ']",[' Your Lie in April      '],['Aniplex of America '],"['    2,214,816']",['A-1 Pictures '],"[""  #7622    based on the top anime page. Please note that 'Not yet aired' and 'R18+' titles are excluded.    ""]",[' Your Lie in April    '],"['Love PolygonLove Polygon,         MusicMusic,         SchoolSchool ']","['8.641 (scored by 13520651,352,065 users)      1          indicates a weighted score.    ']",['  Manga  '],[' Kimiuso  '],['TV'],['    Fridays at 01:20 (JST)      '],['  #23'],"['  86,020']",['  22  '],"['  Oct 10, 2014 to Mar 20, 2015  ']"
79,['  Finished Airing  '],['Spring 2020'],['  PG-13 - Teens 13 or older  '],['  24 min. per ep.  '],"['PsychologicalPsychological,         Romantic SubtextRomantic Subtext,         SchoolSchool ']",['  12  '],"['  Apr 11, 2020 to Jun 27, 2020  ']","['Aniplex,       Mainichi Broadcasting System,       Shueisha,       JR East Marketing & Communications ']",[' Kaguya-sama: Love Is War Staffel 2    '],['ComedyComedy '],[' Kaguya-sama: Love is War Season 2      '],['Aniplex of America '],"['    1,342,731']",['A-1 Pictures '],"[""  #7722    based on the top anime page. Please note that 'Not yet aired' and 'R18+' titles are excluded.    ""]",[' Kaguya-sama: Love Is War? Temporada 2    '],"['PsychologicalPsychological,         Romantic SubtextRomantic Subtext,         SchoolSchool ']","['8.631 (scored by 862309862,309 users)      1          indicates a weighted score.    ']",['  Manga  '],"["" Kaguya Wants to be Confessed To: The Geniuses' War of Love and Brains 2nd Season, Kaguya-sama wa Kokurasetai: Tensai-tachi no Renai Zunousen 2nd Season, Kaguya-sama: Love is War 2nd Season  ""]",['TV'],"['    Saturdays at 23:30 (JST)      ', 'Aniplex,       Mainichi Broadcasting System,       Shueisha,       JR East Marketing & Communications ']",['  #97'],"['  18,800']",['  12  '],"['  Apr 11, 2020 to Jun 27, 2020  ']"
80,['  Finished Airing  '],['Spring 2007'],['  PG-13 - Teens 13 or older  '],['  24 min. per ep.  '],[],['  27  '],"['  Apr 1, 2007 to Sep 30, 2007  ']","['TV Tokyo,       Aniplex,       Dentsu,       Konami,       Half H.P Studio,       Bandai ']",[' Gurren Lagann    '],"['ActionAction,         AdventureAdventure,         Award WinningAward Winning,         Sci-FiSci-Fi ']",[' Gurren Lagann      '],"['ADV Films,       Bandai Entertainment,       Aniplex of America ']","['    1,611,865']",['Gainax '],"[""  #7922    based on the top anime page. Please note that 'Not yet aired' and 'R18+' titles are excluded.    ""]",[' Gurren Lagann    '],['MechaMecha '],"['8.631 (scored by 900634900,634 users)      1          indicates a weighted score.    ']",['  Original  '],"[' Tengen Toppa Gurren-Lagann, Making Break-Through Gurren Lagann, Heavenly Breakthrough Gurren Lagann, TTGL, Gurren Laggan  ']",['TV'],['    Sundays at 08:30 (JST)      '],['  #64'],"['  78,498']",['  27  '],"['  Apr 1, 2007 to Sep 30, 2007  ']"
81,['  Finished Airing  '],['Fall 2015'],['  PG-13 - Teens 13 or older  '],['  24 min. per ep.  '],"['SchoolSchool,         Team SportsTeam Sports ']",['  25  '],"['  Oct 4, 2015 to Mar 27, 2016  ']","['Dentsu,       Mainichi Broadcasting System,       Movic,       Sony Music Entertainment,       TOHO animation,       Shueisha ']",[' Haikyu!! Staffel 2    '],['SportsSports '],[' Haikyu!! 2nd Season      '],['Sentai Filmworks '],"['    1,429,570']",['Production I.G '],"[""  #8022    based on the top anime page. Please note that 'Not yet aired' and 'R18+' titles are excluded.    ""]",[' Haikyu!! Los Ases del Vóley Temporada 2    '],"['SchoolSchool,         Team SportsTeam Sports ']","['8.631 (scored by 943106943,106 users)      1          indicates a weighted score.    ']",['  Manga  '],[' Haikyuu!! Second Season  '],['TV'],"['    Sundays at 02:58 (JST)      ', 'Dentsu,       Mainichi Broadcasting System,       Movic,       Sony Music Entertainment,       TOHO animation,       Shueisha ']",['  #86'],"['  15,707']",['  25  '],"['  Oct 4, 2015 to Mar 27, 2016  ']"
82,['  Finished Airing  '],['Fall 2006'],['  R - 17+ (violence & profanity)  '],['  23 min. per ep.  '],[],['  37  '],"['  Oct 4, 2006 to Jun 27, 2007  ']","['VAP,       Nippon Television Network,       Shueisha,       D.N. Dream Partners ']",[],"['SupernaturalSupernatural,         SuspenseSuspense ']",[' Death Note      '],['VIZ Media '],"['    3,901,692']",['Madhouse '],"[""  #8122    based on the top anime page. Please note that 'Not yet aired' and 'R18+' titles are excluded.    ""]",[],['PsychologicalPsychological '],"['8.621 (scored by 27455152,745,515 users)      1          indicates a weighted score.    ']",['  Manga  '],[' DN  '],['TV'],['    Wednesdays at 00:56 (JST)      '],['  #2'],"['  174,178']",['  37  '],"['  Oct 4, 2006 to Jun 27, 2007  ']"
83,['  Finished Airing  '],['Spring 2017'],['  PG-13 - Teens 13 or older  '],['  23 min. per ep.  '],"['IyashikeiIyashikei,         MythologyMythology ']",['  11  '],"['  Apr 12, 2017 to Jun 21, 2017  ']","['TV Tokyo,       Aniplex,       Nihon Ad Systems,       Hakusensha ']",[' Natsume Yujin-cho 6    '],"['Slice of LifeSlice of Life,         SupernaturalSupernatural ']","["" Natsume's Book of Friends Season 6      ""]","['    None found, add some ']","['    186,457']",['Shuka '],"[""  #8222    based on the top anime page. Please note that 'Not yet aired' and 'R18+' titles are excluded.    ""]",[' Natsume Yujin-cho 6    '],"['IyashikeiIyashikei,         MythologyMythology ']","['8.621 (scored by 6838768,387 users)      1          indicates a weighted score.    ']",['  Manga  '],"["" Natsume Yuujinchou Season 6, Natsume's Book of Friends Six  ""]",['TV'],['    Wednesdays at 01:35 (JST)      '],['  #1285'],"['  1,089']",['  11  '],"['  Apr 12, 2017 to Jun 21, 2017  ']"
84,['  Finished Airing  '],['Spring 2014'],['  PG-13 - Teens 13 or older  '],['  23 min. per ep.  '],[],['  11  '],"['  Apr 11, 2014 to Jun 20, 2014  ']","['Aniplex,       Dentsu,       Fuji TV,       Kyoraku Industrial Holdings ']",[],"['Award WinningAward Winning,         DramaDrama,         SportsSports ']",[' Ping Pong the Animation      '],['Funimation '],"['    394,446']",['Tatsunoko Production '],"[""  #7822    based on the top anime page. Please note that 'Not yet aired' and 'R18+' titles are excluded.    ""]",[],[],"['8.631 (scored by 184717184,717 users)      1          indicates a weighted score.    ']",['  Manga  '],[' PPTA  '],['TV'],['    Fridays at 00:50 (JST)      '],['  #585'],"['  15,981']",['  11  '],"['  Apr 11, 2014 to Jun 20, 2014  ']"
85,['  Finished Airing  '],['Summer 2018'],['  R - 17+ (violence & profanity)  '],['  23 min. per ep.  '],"['GoreGore,         MilitaryMilitary,         SurvivalSurvival ']",['  12  '],"['  Jul 23, 2018 to Oct 15, 2018  ']","['Production I.G,       Dentsu,       Mainichi Broadcasting System,       Pony Canyon,       Kodansha,       Techno Sound,       Pony Canyon Enterprises ']",[' Attack on Titan 3. Staffel    '],"['ActionAction,         DramaDrama,         SuspenseSuspense ']",[' Attack on Titan Season 3      '],['Funimation '],"['    2,367,486']",['Wit Studio '],"[""  #8322    based on the top anime page. Please note that 'Not yet aired' and 'R18+' titles are excluded.    ""]",[' Ataque a los Titanes Temporada 3    '],"['GoreGore,         MilitaryMilitary,         SurvivalSurvival ']","['8.621 (scored by 16127051,612,705 users)      1          indicates a weighted score.    ']",['  Manga  '],[],['TV'],"['    Mondays at 00:35 (JST)      ', 'Production I.G,       Dentsu,       Mainichi Broadcasting System,       Pony Canyon,       Kodansha,       Techno Sound,       Pony Canyon Enterprises ']",['  #18'],"['  20,706']",['  12  '],"['  Jul 23, 2018 to Oct 15, 2018  ']"
86,['  Finished Airing  '],['Fall 2020'],['  R - 17+ (violence & profanity)  '],['  23 min. per ep.  '],[],['  24  '],"['  Oct 3, 2020 to Mar 27, 2021  ']","['Mainichi Broadcasting System,       TOHO animation,       Shueisha,       dugout,       Sumzap ']",[' Jujutsu Kaisen    '],"['ActionAction,         Award WinningAward Winning,         FantasyFantasy ']",[' Jujutsu Kaisen      '],['VIZ Media '],"['    2,542,618']",['MAPPA '],"[""  #8822    based on the top anime page. Please note that 'Not yet aired' and 'R18+' titles are excluded.    ""]",[' Jujutsu Kaisen    '],['SchoolSchool '],"['8.601 (scored by 16675101,667,510 users)      1          indicates a weighted score.    ']",['  Manga  '],"[' Sorcery Fight, JJK  ']",['TV'],"['    Saturdays at 01:25 (JST)      ', 'Mainichi Broadcasting System,       TOHO animation,       Shueisha,       dugout,       Sumzap ']",['  #14'],"['  90,502']",['  24  '],"['  Oct 3, 2020 to Mar 27, 2021  ']"
87,['  Finished Airing  '],[],['  R - 17+ (violence & profanity)  '],['  1 hr. 45 min.  '],[],['  1  '],"['  Jan 17, 2020  ']","['AT-X,       Takeshobo,       Kadokawa Media House,       Cygames,       Kanetsu Investment,       Kadokawa,       Global Solutions,       Sony Music Solutions,       IRMA LA DOUCE ']",[' Made in Abyss: Seelen der Finsternis    '],"['AdventureAdventure,         DramaDrama,         FantasyFantasy,         MysteryMystery,         Sci-FiSci-Fi ']",[' Made in Abyss: Dawn of the Deep Soul      '],['Sentai Filmworks '],"['    463,377']",['Kinema Citrus '],"[""  #8522    based on the top anime page. Please note that 'Not yet aired' and 'R18+' titles are excluded.    ""]",[],['GoreGore '],"['8.611 (scored by 256623256,623 users)      1          indicates a weighted score.    ']",['  Web manga  '],"[' Gekijouban Made in Abyss: Fukaki Tamashii no Reimei, Made in Abyss: Dawn of the Deep Soul  ']",['Movie'],[],['  #486'],"['  3,593']",['  1  '],"['  Jan 17, 2020  ']"
88,['  Finished Airing  '],[],['  PG-13 - Teens 13 or older  '],['  2 hr. 41 min.  '],[],['  1  '],"['  Feb 6, 2010  ']","['Kadokawa Shoten,       Animation Do ']",[' Das Verschwinden der Haruhi Suzumiya der Film    '],"['Award WinningAward Winning,         MysteryMystery,         Sci-FiSci-Fi,         SupernaturalSupernatural ']",[' The Disappearance of Haruhi Suzumiya      '],"['Funimation,       Bandai Entertainment ']","['    610,310']",['Kyoto Animation '],"[""  #8622    based on the top anime page. Please note that 'Not yet aired' and 'R18+' titles are excluded.    ""]",[],['SchoolSchool '],"['8.601 (scored by 311014311,014 users)      1          indicates a weighted score.    ']",['  Light novel  '],"[' The Vanishment of Haruhi Suzumiya, Suzumiya Haruhi no Syoshitsu, Haruhi Movie  ']",['Movie'],[],['  #355'],"['  13,574']",['  1  '],"['  Feb 6, 2010  ']"
89,['  Finished Airing  '],[],['  R+ - Mild Nudity  '],['  25 min. per ep.  '],"['GoreGore,         Organized CrimeOrganized Crime ']",['  10  '],"['  Sep 13, 2022  ']",['CD Projekt Red '],[],"['ActionAction,         Sci-FiSci-Fi ']",[],"['    None found, add some ']","['    746,455']",['Trigger '],"[""  #8722    based on the top anime page. Please note that 'Not yet aired' and 'R18+' titles are excluded.    ""]",[],"['GoreGore,         Organized CrimeOrganized Crime ']","['8.601 (scored by 507933507,933 users)      1          indicates a weighted score.    ']",['  Game  '],[],['ONA'],[],['  #263'],"['  25,016']",['  10  '],"['  Sep 13, 2022  ']"
90,['  Finished Airing  '],['Fall 2013'],['  PG-13 - Teens 13 or older  '],['  22 min. per ep.  '],[],['  25  '],"['  Oct 6, 2013 to Mar 30, 2014  ']","['VAP,       Kodansha,       Nippon Television Network ']",[' Hajime No Ippo: The Fighting! - Rising    '],['SportsSports '],[' Fighting Spirit: Rising      '],"['    None found, add some ']","['    260,638']","['Madhouse,       MAPPA ']","[""  #8422    based on the top anime page. Please note that 'Not yet aired' and 'R18+' titles are excluded.    ""]",[' Hajime No Ippo: The Fighting!    '],['Combat SportsCombat Sports '],"['8.611 (scored by 143757143,757 users)      1          indicates a weighted score.    ']",['  Manga  '],"[' Fighting Spirit: Rising, Hajime no Ippo 3  ']",['TV'],['    Sundays at 01:35 (JST)      '],['  #934'],"['  1,293']",['  25  '],"['  Oct 6, 2013 to Mar 30, 2014  ']"
91,['  Finished Airing  '],['Fall 1997'],['  R+ - Mild Nudity  '],['  23 min. per ep.  '],"['GoreGore,         MilitaryMilitary ']",['  25  '],"['  Oct 8, 1997 to Apr 1, 1998  ']","['VAP,       Hakusensha,       Nippon Television Network ']",[' Berserk    '],"['ActionAction,         AdventureAdventure,         DramaDrama,         FantasyFantasy,         HorrorHorror ']",[' Berserk      '],['Discotek Media '],"['    660,665']",['OLM '],"[""  #8922    based on the top anime page. Please note that 'Not yet aired' and 'R18+' titles are excluded.    ""]",[' Berserk    '],"['GoreGore,         MilitaryMilitary ']","['8.591 (scored by 355056355,056 users)      1          indicates a weighted score.    ']",['  Manga  '],"[' Berserk: The Chronicles of Wind Blades, Sword-Wind Chronicle Berserk  ']",['TV'],['    Wednesdays at 01:45 (JST)      '],['  #314'],"['  27,814']",['  25  '],"['  Oct 8, 1997 to Apr 1, 1998  ']"
92,['  Finished Airing  '],[],['  R - 17+ (violence & profanity)  '],['  1 hr. 56 min.  '],[],['  1  '],"['  Oct 16, 2020  ']","['Aniplex,       Shueisha ']",[],"['ActionAction,         FantasyFantasy ']",[' Demon Slayer: Kimetsu no Yaiba - The Movie: Mugen Train      '],['Aniplex of America '],"['    1,539,422']",['ufotable '],"[""  #9322    based on the top anime page. Please note that 'Not yet aired' and 'R18+' titles are excluded.    ""]",[' Guardianes De La Noche  - Kimetsu No Yaiba - Tren Infinito    '],['HistoricalHistorical '],"['8.581 (scored by 10225511,022,551 users)      1          indicates a weighted score.    ']",['  Manga  '],"[' Gekijouban Kimetsu no Yaiba: Mugen Ressha-hen, Kimetsu no Yaiba: Infinity Train, Demon Slayer Movie: Infinity Train  ']",['Movie'],[],['  #71'],"['  13,181']",['  1  '],"['  Oct 16, 2020  ']"
93,['  Finished Airing  '],[],['  PG-13 - Teens 13 or older  '],['  47 min.  '],"['Adult CastAdult Cast,         HistoricalHistorical,         IyashikeiIyashikei ']",['  1  '],"['  May 16, 2015  ']","['Aniplex,       Kodansha,       Delfi Sound ']",[],"['AdventureAdventure,         MysteryMystery,         Slice of LifeSlice of Life,         SupernaturalSupernatural ']",[],"['    None found, add some ']","['    129,039']",['Artland '],"[""  #9022    based on the top anime page. Please note that 'Not yet aired' and 'R18+' titles are excluded.    ""]",[],"['Adult CastAdult Cast,         HistoricalHistorical,         IyashikeiIyashikei ']","['8.591 (scored by 5134751,347 users)      1          indicates a weighted score.    ']",['  Manga  '],"[' Mushishi Tokubetsu-hen: Suzu no Shizuku, Mushishi: The Next Chapter - Drops of Bells  ']",['Movie'],[],['  #1736'],['  221'],['  1  '],"['  May 16, 2015  ']"
94,['  Finished Airing  '],[],['  PG-13 - Teens 13 or older  '],['  1 hr. 30 min.  '],[],['  1  '],"['  Jun 15, 2019  ']","['Aniplex,       Tokyo MX,       Hakuhodo DY Music & Pictures,       Nagoya Broadcasting Network,       BS11,       ABC Animation,       Kadokawa ']",[' Rascal Does Not Dream of a Dreaming Girl    '],"['DramaDrama,         RomanceRomance,         SupernaturalSupernatural ']",[' Rascal Does Not Dream of a Dreaming Girl      '],['Aniplex of America '],"['    712,144']",['CloverWorks '],"[""  #9122    based on the top anime page. Please note that 'Not yet aired' and 'R18+' titles are excluded.    ""]",[],['SchoolSchool '],"['8.591 (scored by 451515451,515 users)      1          indicates a weighted score.    ']",['  Light novel  '],[],['Movie'],"['Aniplex,       Tokyo MX,       Hakuhodo DY Music & Pictures,       Nagoya Broadcasting Network,       BS11,       ABC Animation,       Kadokawa ']",['  #284'],"['  10,218']",['  1  '],"['  Jun 15, 2019  ']"
95,['  Finished Airing  '],[],['  PG-13 - Teens 13 or older  '],['  2 hr. 35 min.  '],"['MechaMecha,         PsychologicalPsychological ']",['  1  '],"['  Mar 8, 2021  ']","['    None found, add some ']",[],"['ActionAction,         Award WinningAward Winning,         DramaDrama,         Sci-FiSci-Fi,         SuspenseSuspense ']",[' Evangelion: 3.0+1.0 Thrice Upon a Time      '],['GKIDS '],"['    375,148']",['Khara '],"[""  #9222    based on the top anime page. Please note that 'Not yet aired' and 'R18+' titles are excluded.    ""]",[],"['MechaMecha,         PsychologicalPsychological ']","['8.591 (scored by 160805160,805 users)      1          indicates a weighted score.    ']",['  Original  '],"[' Evangelion: 4.0, Rebuild of Evangelion, Shin Evangelion Gekijouban:||, Rebuild of Evangelion: Final  ']",['Movie'],[],['  #626'],"['  7,445']",['  1  '],"['  Mar 8, 2021  ']"
96,['  Finished Airing  '],[],['  R+ - Mild Nudity  '],['  2 hr. 5 min.  '],"['MechaMecha,         SpaceSpace,         Super PowerSuper Power ']",['  1  '],"['  Apr 22, 2009  ']",['Aniplex '],[],"['ActionAction,         Sci-FiSci-Fi ']",[' Gurren Lagann The Movie: The Lights in the Sky are Stars      '],['Aniplex of America '],"['    217,120']",['Gainax '],"[""  #9422    based on the top anime page. Please note that 'Not yet aired' and 'R18+' titles are excluded.    ""]",[' Gurren Lagann Película II: Las Luces en el Cielo son Estrellas    '],"['MechaMecha,         SpaceSpace,         Super PowerSuper Power ']","['8.581 (scored by 102391102,391 users)      1          indicates a weighted score.    ']",['  Original  '],[' Tengen Toppa Gurren Lagann Movie 2  '],['Movie'],[],['  #1119'],"['  1,029']",['  1  '],"['  Apr 22, 2009  ']"
97,['  Finished Airing  '],['Fall 2018'],['  R - 17+ (violence & profanity)  '],['  23 min. per ep.  '],[],['  39  '],"['  Oct 6, 2018 to Jul 28, 2019  ']",['Warner Bros. Japan '],"["" Jojo's Bizarre Adventure: Golden Wind    ""]","['ActionAction,         AdventureAdventure,         SupernaturalSupernatural ']","["" JoJo's Bizarre Adventure: Golden Wind      ""]",['VIZ Media '],"['    1,025,503']",['David Production '],"[""  #9622    based on the top anime page. Please note that 'Not yet aired' and 'R18+' titles are excluded.    ""]","["" Jojo's Bizarre Adventure: Golden Wind    ""]",['Organized CrimeOrganized Crime '],"['8.571 (scored by 686074686,074 users)      1          indicates a weighted score.    ']",['  Manga  '],"["" JoJo's Bizarre Adventure Part 5: Golden Wind, JoJo no Kimyou na Bouken Part 5: Ougon no Kaze, Le Bizzarre Avventure Di GioGio Parte 5: Vento Aureo  ""]",['TV'],['    Saturdays at 01:05 (JST)      '],['  #152'],"['  31,896']",['  39  '],"['  Oct 6, 2018 to Jul 28, 2019  ']"
98,['  Finished Airing  '],[],['  R - 17+ (violence & profanity)  '],['  1 hr. 4 min.  '],[],['  1  '],"['  Aug 19, 2016  ']","['Aniplex,       Kodansha ']",[' Kizumonogatari: Heißes Blut    '],"['ActionAction,         MysteryMystery,         SupernaturalSupernatural ']",[' Kizumonogatari Part 2: Hot-Blooded      '],['Aniplex of America '],"['    445,456']",['Shaft '],"[""  #9722    based on the top anime page. Please note that 'Not yet aired' and 'R18+' titles are excluded.    ""]",[],['VampireVampire '],"['8.571 (scored by 269982269,982 users)      1          indicates a weighted score.    ']",['  Light novel  '],"[' Koyomi Vamp, Kizumonogatari Part 2  ']",['Movie'],[],['  #508'],"['  2,352']",['  1  '],"['  Aug 19, 2016  ']"
99,[],[],[],[],[],[],[],[],[],[],[],[],[],[],[],[],[],[],[],[],[],[],[],[],[],[]
